id,nama,tipe,ukuran,nama_ukuran,jinak,lv_min,lv_max,difficulty,interval_serangan,blow,knock,HP_lv60,ATK_lv60,DEF_lv60,regenPct,dropKey,rumus_HP,rumus_ATK,rumus_DEF
2005,Tyrannosaurus,Karnivora,7,Super besar,tidak,60,90,39.0,1.9,1575.0,1125.0,155676.5,593.3,607.5,1.0,trex,22.063 * ((combat_level + 24) ** 2) * unstable_factor,(197.86 + combat_level * 6.59) * unstable_factor,(187.5 + combat_level * 7) * unstable_factor
2902,Lucidrakiosaurus,Herbivora,7,Super besar,tidak,1,80,30.0,1.9,1260.0,900.0,57979.2,411.6,450.0,1.0,apato,(8.217 * ((combat_level + 24) ** 2)) * unstable_factor,(117.64 + combat_level * 4.9) * unstable_factor,(150 + combat_level * 5) * unstable_factor
2133,Apatosaurus,Herbivora,7,Super besar,tidak,1,80,30.0,1.9,1260.0,900.0,57979.2,411.6,450.0,1.0,apato,(8.217 * ((combat_level + 24) ** 2)) * unstable_factor,(117.64 + combat_level * 4.9) * unstable_factor,(150 + combat_level * 5) * unstable_factor
2004,Brachiosaurus,Herbivora,6,Raksasa,tidak,1,80,10.0,3.2,1260.0,900.0,48926.3,251.1,300.0,0.3,brachio,(6.934 * ((combat_level + 24) ** 2)) * unstable_factor,(71.74 + combat_level * 2.99) * unstable_factor,(0 + combat_level * 5) * unstable_factor
2021,Allosaurus,Karnivora,5,Sangat besar,tidak,1,80,15.0,2.0,840.0,600.0,38765.7,478.8,450.0,,allo_warp_acc,(5.494 * ((combat_level + 24) ** 2)) * unstable_factor,(136.76 + combat_level * 5.7) * unstable_factor,(150 + combat_level * 5) * unstable_factor
2901,Allosaurus alpha,Karnivora,5,Sangat besar,tidak,60,80,15.0,2.0,840.0,600.0,38765.7,478.8,450.0,,allo_warp_acc,(5.494 * ((combat_level + 24) ** 2)) * unstable_factor,(136.76 + combat_level * 5.7) * unstable_factor,(150 + combat_level * 5) * unstable_factor
2179,Amargasaurus,Herbivora,7,Super besar,tidak,1,80,10.0,1.9,1120.0,800.0,35992.7,699.7,300.0,0.3,amargasaurus,5.101 * ((combat_level + 24) ** 2) * unstable_factor,(199.88 + combat_level * 8.33) * unstable_factor,(0 + combat_level * 5) * unstable_factor
2082,Ceratosaurus,Karnivora,5,Sangat besar,tidak,1,80,15.0,2.0,840.0,600.0,32196.5,477.2,450.0,0.3,allo,(4.563 * ((combat_level + 24) ** 2)) * unstable_factor,(136.44 + combat_level * 5.68) * unstable_factor,(150 + combat_level * 5) * unstable_factor
2086,Tarbosaurus,Karnivora,5,Sangat besar,tidak,1,80,15.0,2.0,980.0,700.0,32196.5,393.1,450.0,0.3,tarbo,(4.563 * ((combat_level + 24) ** 2)) * unstable_factor,(112.32 + combat_level * 4.68) * unstable_factor,(150 + combat_level * 5) * unstable_factor
2089,Tarbosaurus,Karnivora,5,Sangat besar,ya,1,80,15.0,2.0,980.0,700.0,32196.5,393.1,450.0,0.3,tarbo_feather,(4.563 * ((combat_level + 24) ** 2)) * unstable_factor,(112.32 + combat_level * 4.68) * unstable_factor,(150 + combat_level * 5) * unstable_factor
2008,Mammoth,Herbivora,5,Sangat besar,tidak,1,80,10.0,1.9,1120.0,800.0,22847.3,241.1,300.0,0.3,mammoth,(3.238 * ((combat_level + 24) ** 2)) * unstable_factor,(68.89 + combat_level * 2.87) * unstable_factor,(0 + combat_level * 5) * unstable_factor
2087,Gajah taring bawah,Herbivora,5,Sangat besar,tidak,1,80,10.0,2.1,980.0,700.0,22064.1,273.9,300.0,0.3,elephant,(3.127 * ((combat_level + 24) ** 2)) * unstable_factor,(78.35 + combat_level * 3.26) * unstable_factor,(0 + combat_level * 5) * unstable_factor
2066,Brachiosaurus muda,Herbivora,2,Kecil,tidak,1,80,5.0,3.6,700.0,500.0,21478.5,132.7,300.0,0.3,brachio_baby,(3.044 * ((combat_level + 24) ** 2)) * unstable_factor,(37.92 + combat_level * 1.58) * unstable_factor,(0 + combat_level * 5) * unstable_factor
2178,Chasmosaurus abu vulkanik,Herbivora,4,Besar,ya,1,80,5.0,1.4,980.0,700.0,18691.3,357.1,300.0,0.3,chasmosaurus_volcanic,2.649 * ((combat_level + 24) ** 2) * unstable_factor,(102.08 + combat_level * 4.25) * unstable_factor,(0 + combat_level * 5) * unstable_factor
2143,Apatosaurus minyak beracun,Herbivora,7,Super besar,tidak,1,80,15.0,2.0,1260.0,900.0,17640.0,336.0,450.0,0.3,apato,(2.5 * ((combat_level+24) ** 2)) * unstable_factor,(96 + combat_level * 4) * unstable_factor,(150 + combat_level * 5) * unstable_factor
2999,Samsak dummy,Samsak,2,Kecil,tidak,36,54,15.0,2.0,210.0,150.0,17640.0,336.0,450.0,0.3,raptor_teeth,(2.5 * ((combat_level+24) ** 2)) * unstable_factor,(96 + combat_level * 4) * unstable_factor,(150 + combat_level * 5) * unstable_factor
2053,Megaloceros Rudolf,Herbivora,3,Sedang,ya,56,84,15.0,4.0,490.0,350.0,17640.0,336.0,450.0,0.3,macrau,(2.5 * ((combat_level+24) ** 2)) * unstable_factor,(96 + combat_level * 4) * unstable_factor,(150 + combat_level * 5) * unstable_factor
2128,Megaloceros Rudolf,Herbivora,3,Sedang,ya,56,84,15.0,4.0,490.0,350.0,17640.0,336.0,450.0,0.3,macrau,(2.5 * ((combat_level+24) ** 2)) * unstable_factor,(96 + combat_level * 4) * unstable_factor,(150 + combat_level * 5) * unstable_factor
2127,Megaloceros hidung merah,Herbivora,3,Sedang,ya,48,72,15.0,4.0,490.0,350.0,17640.0,336.0,450.0,0.3,megalo,(2.5 * ((combat_level+24) ** 2)) * unstable_factor,(96 + combat_level * 4) * unstable_factor,(150 + combat_level * 5) * unstable_factor
2148,Megaloceros hidung merah,Herbivora,3,Sedang,ya,48,72,15.0,4.0,490.0,350.0,17640.0,336.0,450.0,0.3,megalo,(2.5 * ((combat_level+24) ** 2)) * unstable_factor,(96 + combat_level * 4) * unstable_factor,(150 + combat_level * 5) * unstable_factor
2072,Chasmosaurus muda,Herbivora,2,Kecil,tidak,30,45,15.0,1.1,490.0,350.0,17640.0,336.0,450.0,0.3,tricera_baby,(2.5 * ((combat_level+24) ** 2)) * unstable_factor,(96 + combat_level * 4) * unstable_factor,(150 + combat_level * 5) * unstable_factor
2118,Gallimimus alpha,Karnivora,3,Sedang,tidak,46,69,15.0,3.6,350.0,250.0,17640.0,336.0,450.0,0.3,gallimimus,(2.5 * ((combat_level+24) ** 2)) * unstable_factor,(96 + combat_level * 4) * unstable_factor,(150 + combat_level * 5) * unstable_factor
2104,Direwolf alpha,Karnivora,2,Kecil,tidak,32,48,15.0,1.8,560.0,400.0,17640.0,336.0,450.0,0.3,wolf,(2.5 * ((combat_level+24) ** 2)) * unstable_factor,(96 + combat_level * 4) * unstable_factor,(150 + combat_level * 5) * unstable_factor
2102,Deinotherium alpha,Herbivora,5,Sangat besar,tidak,106,159,15.0,2.7,980.0,700.0,17640.0,336.0,450.0,0.3,elephant,(2.5 * ((combat_level+24) ** 2)) * unstable_factor,(96 + combat_level * 4) * unstable_factor,(150 + combat_level * 5) * unstable_factor
2122,Dilophosaurus alpha,Karnivora,2,Kecil,tidak,44,66,15.0,1.7,420.0,300.0,17640.0,336.0,450.0,0.3,raptor_teeth,(2.5 * ((combat_level+24) ** 2)) * unstable_factor,(96 + combat_level * 4) * unstable_factor,(150 + combat_level * 5) * unstable_factor
2110,Raptor alpha,Karnivora,2,Kecil,tidak,40,60,15.0,1.7,420.0,300.0,17640.0,336.0,450.0,0.3,raptor_teeth,(2.5 * ((combat_level+24) ** 2)) * unstable_factor,(96 + combat_level * 4) * unstable_factor,(150 + combat_level * 5) * unstable_factor
2123,Macrauchenia alpha,Herbivora,2,Kecil,tidak,22,33,15.0,3.2,210.0,150.0,17640.0,336.0,450.0,0.3,macrau,(2.5 * ((combat_level+24) ** 2)) * unstable_factor,(96 + combat_level * 4) * unstable_factor,(150 + combat_level * 5) * unstable_factor
2109,Mammoth alpha,Herbivora,5,Sangat besar,tidak,100,150,15.0,2.7,1120.0,800.0,17640.0,336.0,450.0,0.3,mammoth,(2.5 * ((combat_level+24) ** 2)) * unstable_factor,(96 + combat_level * 4) * unstable_factor,(150 + combat_level * 5) * unstable_factor
2103,Megaloceros alpha,Herbivora,3,Sedang,tidak,56,84,15.0,4.0,490.0,350.0,17640.0,336.0,450.0,0.3,megalo,(2.5 * ((combat_level+24) ** 2)) * unstable_factor,(96 + combat_level * 4) * unstable_factor,(150 + combat_level * 5) * unstable_factor
2106,Bonussaurus alpha,Herbivora,2,Kecil,tidak,36,54,15.0,1.4,840.0,600.0,17640.0,336.0,450.0,0.3,bonu,(2.5 * ((combat_level+24) ** 2)) * unstable_factor,(96 + combat_level * 4) * unstable_factor,(150 + combat_level * 5) * unstable_factor
2124,Brachiosaurus alpha,Herbivora,6,Raksasa,tidak,112,168,15.0,7.8,1260.0,900.0,17640.0,336.0,450.0,0.3,brachio,(2.5 * ((combat_level+24) ** 2)) * unstable_factor,(96 + combat_level * 4) * unstable_factor,(150 + combat_level * 5) * unstable_factor
2113,Tarbosaurus salju alpha,Karnivora,5,Sangat besar,tidak,108,162,15.0,2.5,980.0,700.0,17640.0,336.0,450.0,0.3,tarbo_feather,(2.5 * ((combat_level+24) ** 2)) * unstable_factor,(96 + combat_level * 4) * unstable_factor,(150 + combat_level * 5) * unstable_factor
2111,Smilodon alpha,Karnivora,4,Besar,tidak,80,120,15.0,2.1,560.0,400.0,17640.0,336.0,450.0,0.3,smilodon,(2.5 * ((combat_level+24) ** 2)) * unstable_factor,(96 + combat_level * 4) * unstable_factor,(150 + combat_level * 5) * unstable_factor
2112,Stegosaurus alpha,Herbivora,4,Besar,tidak,52,78,15.0,2.7,560.0,400.0,17640.0,336.0,450.0,0.3,stego,(2.5 * ((combat_level+24) ** 2)) * unstable_factor,(96 + combat_level * 4) * unstable_factor,(150 + combat_level * 5) * unstable_factor
2105,Styracosaurus alpha,Herbivora,4,Besar,tidak,72,108,15.0,1.4,840.0,600.0,17640.0,336.0,450.0,0.3,bonu,(2.5 * ((combat_level+24) ** 2)) * unstable_factor,(96 + combat_level * 4) * unstable_factor,(150 + combat_level * 5) * unstable_factor
2125,Ankylosaurus alpha,Herbivora,4,Besar,tidak,100,150,15.0,1.6,840.0,600.0,17640.0,336.0,450.0,0.3,ankylo,(2.5 * ((combat_level+24) ** 2)) * unstable_factor,(96 + combat_level * 4) * unstable_factor,(150 + combat_level * 5) * unstable_factor
2121,Smilodon tropis alpha,Karnivora,4,Besar,tidak,68,102,15.0,2.1,560.0,400.0,17640.0,336.0,450.0,0.3,smilodon,(2.5 * ((combat_level+24) ** 2)) * unstable_factor,(96 + combat_level * 4) * unstable_factor,(150 + combat_level * 5) * unstable_factor
2097,Ornithomimus alpha,Karnivora,3,Sedang,tidak,64,96,15.0,3.6,560.0,400.0,17640.0,336.0,450.0,0.3,coelo,(2.5 * ((combat_level+24) ** 2)) * unstable_factor,(96 + combat_level * 4) * unstable_factor,(150 + combat_level * 5) * unstable_factor
2126,Euoplocephalus alpha,Herbivora,4,Besar,tidak,92,138,15.0,1.8,980.0,700.0,17640.0,336.0,450.0,0.3,ankylo,(2.5 * ((combat_level+24) ** 2)) * unstable_factor,(96 + combat_level * 4) * unstable_factor,(150 + combat_level * 5) * unstable_factor
2100,Utahraptor alpha,Karnivora,2,Kecil,tidak,50,75,15.0,1.7,490.0,350.0,17640.0,336.0,450.0,0.3,raptor_teeth,(2.5 * ((combat_level+24) ** 2)) * unstable_factor,(96 + combat_level * 4) * unstable_factor,(150 + combat_level * 5) * unstable_factor
2107,Chasmosaurus alpha,Herbivora,4,Besar,tidak,80,120,15.0,1.1,840.0,600.0,17640.0,336.0,450.0,0.3,bonu,(2.5 * ((combat_level+24) ** 2)) * unstable_factor,(96 + combat_level * 4) * unstable_factor,(150 + combat_level * 5) * unstable_factor
2117,Kentrosaurus alpha,Herbivora,4,Besar,tidak,60,90,15.0,2.7,700.0,500.0,17640.0,336.0,450.0,0.3,kentro,(2.5 * ((combat_level+24) ** 2)) * unstable_factor,(96 + combat_level * 4) * unstable_factor,(150 + combat_level * 5) * unstable_factor
2120,Coelophysis alpha,Karnivora,2,Kecil,tidak,36,54,15.0,3.6,350.0,250.0,17640.0,336.0,450.0,0.3,coelo,(2.5 * ((combat_level+24) ** 2)) * unstable_factor,(96 + combat_level * 4) * unstable_factor,(150 + combat_level * 5) * unstable_factor
2108,Compsognathus alpha,Karnivora,1,Sangat kecil,tidak,12,18,15.0,3.0,140.0,100.0,17640.0,336.0,450.0,0.3,compso,(2.5 * ((combat_level+24) ** 2)) * unstable_factor,(96 + combat_level * 4) * unstable_factor,(150 + combat_level * 5) * unstable_factor
2115,Tarbosaurus alpha,Karnivora,5,Sangat besar,tidak,108,162,15.0,2.5,980.0,700.0,17640.0,336.0,450.0,0.3,tarbo,(2.5 * ((combat_level+24) ** 2)) * unstable_factor,(96 + combat_level * 4) * unstable_factor,(150 + combat_level * 5) * unstable_factor
2116,Tuojiangosaurus alpha,Herbivora,4,Besar,tidak,76,114,15.0,2.7,840.0,600.0,17640.0,336.0,450.0,0.3,kentro,(2.5 * ((combat_level+24) ** 2)) * unstable_factor,(96 + combat_level * 4) * unstable_factor,(150 + combat_level * 5) * unstable_factor
2098,Triceratops alpha,Herbivora,4,Besar,tidak,112,168,15.0,1.4,980.0,700.0,17640.0,336.0,450.0,0.3,bonu,(2.5 * ((combat_level+24) ** 2)) * unstable_factor,(96 + combat_level * 4) * unstable_factor,(150 + combat_level * 5) * unstable_factor
2114,Tyrannosaurus alpha,Karnivora,7,Super besar,tidak,120,180,15.0,2.5,1120.0,800.0,17640.0,336.0,450.0,0.3,tarbo,(2.5 * ((combat_level+24) ** 2)) * unstable_factor,(96 + combat_level * 4) * unstable_factor,(150 + combat_level * 5) * unstable_factor
2101,Parasaurolophus alpha,Herbivora,4,Besar,tidak,88,132,15.0,2.2,840.0,600.0,17640.0,336.0,450.0,0.3,saurolophus,(2.5 * ((combat_level+24) ** 2)) * unstable_factor,(96 + combat_level * 4) * unstable_factor,(150 + combat_level * 5) * unstable_factor
2119,Pavomimus alpha,Karnivora,2,Kecil,tidak,40,60,15.0,3.6,350.0,250.0,17640.0,336.0,450.0,0.3,pavomimus,(2.5 * ((combat_level+24) ** 2)) * unstable_factor,(96 + combat_level * 4) * unstable_factor,(150 + combat_level * 5) * unstable_factor
2095,Phenacodus alpha,Herbivora,2,Kecil,tidak,28,42,15.0,1.6,140.0,100.0,17640.0,336.0,450.0,0.3,phenaco,(2.5 * ((combat_level+24) ** 2)) * unstable_factor,(96 + combat_level * 4) * unstable_factor,(150 + combat_level * 5) * unstable_factor
2099,Protoceratops alpha,Herbivora,2,Kecil,tidak,32,48,15.0,1.3,560.0,400.0,17640.0,336.0,450.0,0.3,proto,(2.5 * ((combat_level+24) ** 2)) * unstable_factor,(96 + combat_level * 4) * unstable_factor,(150 + combat_level * 5) * unstable_factor
2018,Chasmosaurus,Herbivora,4,Besar,tidak,80,120,15.0,1.1,840.0,600.0,17640.0,336.0,450.0,0.3,bonu,(2.5 * ((combat_level+24) ** 2)) * unstable_factor,(96 + combat_level * 4) * unstable_factor,(150 + combat_level * 5) * unstable_factor
2185,Hadrosaurus lava penelitian,Herbivora,4,Besar,ya,1,80,3.0,2.2,840.0,600.0,16990.8,262.7,300.0,0.3,hadrosaurus_volcanic,2.408 * ((combat_level + 24) ** 2) * unstable_factor,(74.87 + combat_level * 3.13) * unstable_factor,(0 + combat_level * 5) * unstable_factor
2177,Hadrosaurus lava,Herbivora,4,Besar,ya,1,80,3.0,2.2,840.0,600.0,16990.8,262.7,300.0,0.3,hadrosaurus_volcanic,2.408 * ((combat_level + 24) ** 2) * unstable_factor,(74.87 + combat_level * 3.13) * unstable_factor,(0 + combat_level * 5) * unstable_factor
2003,Triceratops,Herbivora,4,Besar,ya,1,80,10.0,1.4,980.0,700.0,16878.0,187.4,300.0,0.3,tricera,(2.392 * ((combat_level + 24) ** 2)) * unstable_factor,(53.55 + combat_level * 2.23) * unstable_factor,(0 + combat_level * 5) * unstable_factor
2011,Euoplocephalus,Herbivora,4,Besar,ya,1,80,10.0,1.8,980.0,700.0,15847.8,230.9,375.0,0.3,ankylo,(2.246 * ((combat_level + 24) ** 2)) * unstable_factor,(65.91 + combat_level * 2.75) * unstable_factor,(75 + combat_level * 5) * unstable_factor
2172,Iguana bintik api,Karnivora,3,Sedang,tidak,1,80,3.0,2.0,840.0,600.0,15593.8,145.5,300.0,0.3,iguana_volcanic,2.21 * ((combat_level + 24) ** 2) * unstable_factor,(41.71 + combat_level * 1.73) * unstable_factor,(0 + combat_level * 5) * unstable_factor
2170,Andrewsarchus,Karnivora,2,Kecil,tidak,1,80,1.0,3.6,350.0,250.0,13879.2,74.0,300.0,0.3,andrewsarchus,1.967 * ((combat_level + 24) ** 2) * unstable_factor,(21.18 + combat_level * 0.88) * unstable_factor,(0 + combat_level * 5) * unstable_factor
2186,Andrewsarchus pemulung,Karnivora,2,Kecil,tidak,1,80,1.0,3.6,350.0,250.0,13879.2,74.0,300.0,0.3,andrewsarchus_02,1.967 * ((combat_level + 24) ** 2) * unstable_factor,(21.18 + combat_level * 0.88) * unstable_factor,(0 + combat_level * 5) * unstable_factor
2026,Tuojiangosaurus,Herbivora,4,Besar,tidak,1,80,5.0,2.1,840.0,600.0,13759.2,81.5,300.0,0.3,tuojiango,(1.95 * ((combat_level + 24) ** 2)) * unstable_factor,(23.32 + combat_level * 0.97) * unstable_factor,(0 + combat_level * 5) * unstable_factor
2139,Semangka mencurigakan,Herbivora,1,Sangat kecil,tidak,1,80,0.0,3.0,1260.0,900.0,13230.0,1.0,375.0,,watermelon_01_monster,(1.875 * ((combat_level+24) ** 2)) * unstable_factor,(1 + combat_level * 0) * unstable_factor,(75 + combat_level * 5) * unstable_factor
2062,Triceratops,Herbivora,4,Besar,tidak,1,80,10.0,1.4,980.0,700.0,13230.0,252.0,300.0,0.3,tricera,(1.875 * ((combat_level+24) ** 2)) * unstable_factor,(72 + combat_level * 3) * unstable_factor,(0 + combat_level * 5) * unstable_factor
2184,Hadrosaurus tank serbu,Herbivora,4,Besar,ya,1,80,5.0,4.4,700.0,500.0,12115.2,84.0,300.0,0.3,hadrosaurus_volcanic,(1.717 * ((combat_level+24) ** 2)) * unstable_factor,(24 + combat_level * 1) * unstable_factor,(0 + combat_level * 5) * unstable_factor
2169,Brachiosaurus kecil,Herbivora,2,Kecil,tidak,1,80,5.0,4.4,700.0,500.0,12115.2,84.0,300.0,0.3,brachio_baby,(1.717 * ((combat_level+24) ** 2)) * unstable_factor,(24 + combat_level * 1) * unstable_factor,(0 + combat_level * 5) * unstable_factor
2034,Dimetrodon,Karnivora,3,Sedang,tidak,1,80,1.0,1.4,560.0,400.0,11818.8,73.1,300.0,0.3,dimetrodon,(1.675 * ((combat_level + 24) ** 2)) * unstable_factor,(20.86 + combat_level * 0.87) * unstable_factor,(0 + combat_level * 5) * unstable_factor
2065,Triceratops muda,Herbivora,2,Kecil,tidak,1,80,5.0,1.4,700.0,500.0,11402.5,102.6,300.0,0.3,tricera_baby,(1.616 * ((combat_level + 24) ** 2)) * unstable_factor,(29.38 + combat_level * 1.22) * unstable_factor,(0 + combat_level * 5) * unstable_factor
2202,Ankylosaurus tak dikenal,Herbivora,4,Besar,tidak,1,80,10.0,1.6,840.0,600.0,11106.1,195.7,375.0,0.3,muntant_animals,(1.574 * ((combat_level + 24) ** 2)) * unstable_factor,(55.92 + combat_level * 2.33) * unstable_factor,(75 + combat_level * 5) * unstable_factor
2010,Ankylosaurus,Herbivora,4,Besar,ya,1,80,10.0,1.6,840.0,600.0,11106.1,195.7,375.0,0.3,ankylo,(1.574 * ((combat_level + 24) ** 2)) * unstable_factor,(55.92 + combat_level * 2.33) * unstable_factor,(75 + combat_level * 5) * unstable_factor
2094,Bonussaurus,Herbivora,2,Kecil,tidak,1,80,5.0,1.4,840.0,600.0,10993.2,96.7,300.0,0.3,bonu,(1.558 * ((combat_level + 24) ** 2)) * unstable_factor,(27.71 + combat_level * 1.15) * unstable_factor,(0 + combat_level * 5) * unstable_factor
2019,Styracosaurus,Herbivora,4,Besar,ya,1,80,5.0,1.4,840.0,600.0,10958.0,102.6,300.0,0.3,styraco,(1.553 * ((combat_level + 24) ** 2)) * unstable_factor,(29.38 + combat_level * 1.22) * unstable_factor,(0 + combat_level * 5) * unstable_factor
2176,Iguana garis putih,Karnivora,3,Sedang,tidak,1,80,3.0,1.4,560.0,400.0,10626.3,186.2,300.0,0.3,iguana_rock,1.506 * ((combat_level + 24) ** 2) * unstable_factor,(52.95 + combat_level * 2.22) * unstable_factor,(0 + combat_level * 5) * unstable_factor
2000,Stegosaurus,Herbivora,4,Besar,tidak,1,80,5.0,2.1,560.0,400.0,9800.8,88.1,300.0,0.3,stego,(1.389 * ((combat_level + 24) ** 2)) * unstable_factor,(25.13 + combat_level * 1.05) * unstable_factor,(0 + combat_level * 5) * unstable_factor
2083,Kentrosaurus,Herbivora,4,Besar,tidak,1,80,5.0,2.1,700.0,500.0,9800.8,88.1,300.0,0.3,kentro,(1.389 * ((combat_level + 24) ** 2)) * unstable_factor,(25.13 + combat_level * 1.05) * unstable_factor,(0 + combat_level * 5) * unstable_factor
2175,Utahraptor kepala hitam,Karnivora,2,Kecil,tidak,1,80,1.0,1.7,490.0,350.0,9328.0,138.6,300.0,0.3,utahraptor_volcanic,1.322 * ((combat_level + 24) ** 2) * unstable_factor,(39.62 + combat_level * 1.65) * unstable_factor,(0 + combat_level * 5) * unstable_factor
2187,Amargasaurus komunikasi,Herbivora,7,Super besar,tidak,1,80,1.0,1.7,490.0,350.0,9328.0,138.6,300.0,0.3,amargasaurus_02,1.322 * ((combat_level + 24) ** 2) * unstable_factor,(39.62 + combat_level * 1.65) * unstable_factor,(0 + combat_level * 5) * unstable_factor
2041,Centrosaurus,Herbivora,2,Kecil,ya,1,80,5.0,1.3,560.0,400.0,9137.5,99.1,300.0,0.3,centro,(1.295 * ((combat_level + 24) ** 2)) * unstable_factor,(28.33 + combat_level * 1.18) * unstable_factor,(0 + combat_level * 5) * unstable_factor
2054,Ankylo kura-kura darat,Herbivora,4,Besar,ya,1,80,10.0,1.6,840.0,600.0,8820.0,252.0,375.0,0.3,ankylo,(1.25 * ((combat_level+24) ** 2)) * unstable_factor,(72 + combat_level * 3) * unstable_factor,(75 + combat_level * 5) * unstable_factor
2132,Ankylo kura-kura darat,Herbivora,4,Besar,tidak,1,80,10.0,1.6,840.0,600.0,8820.0,252.0,375.0,0.3,ankylo,(1.25 * ((combat_level+24) ** 2)) * unstable_factor,(72 + combat_level * 3) * unstable_factor,(75 + combat_level * 5) * unstable_factor
2193,Ankylo kura-kura tak dikenal,Herbivora,4,Besar,tidak,1,80,10.0,1.6,840.0,600.0,8820.0,252.0,375.0,0.3,muntant_animals,(1.25 * ((combat_level+24) ** 2)) * unstable_factor,(72 + combat_level * 3) * unstable_factor,(75 + combat_level * 5) * unstable_factor
2207,Ankylo kura-kura tak dikenal,Herbivora,4,Besar,tidak,1,80,10.0,1.6,840.0,600.0,8820.0,252.0,375.0,0.3,muntant_animals,(1.25 * ((combat_level+24) ** 2)) * unstable_factor,(72 + combat_level * 3) * unstable_factor,(75 + combat_level * 5) * unstable_factor
2096,Centrosaurus,Herbivora,2,Kecil,ya,1,80,5.0,1.3,560.0,400.0,8820.0,84.0,300.0,0.3,centro,(1.25 * ((combat_level+24) ** 2)) * unstable_factor,(24 + combat_level * 1) * unstable_factor,(0 + combat_level * 5) * unstable_factor
2168,Centrosaurus,Herbivora,2,Kecil,ya,1,80,5.0,1.3,560.0,400.0,8820.0,84.0,300.0,0.3,centro,(1.25 * ((combat_level+24) ** 2)) * unstable_factor,(24 + combat_level * 1) * unstable_factor,(0 + combat_level * 5) * unstable_factor
2061,Stegosaurus,Herbivora,4,Besar,tidak,1,80,5.0,2.7,560.0,400.0,8820.0,84.0,300.0,0.3,stego,(1.25 * ((combat_level+24) ** 2)) * unstable_factor,(24 + combat_level * 1) * unstable_factor,(0 + combat_level * 5) * unstable_factor
2147,Styracosaurus,Herbivora,4,Besar,ya,1,80,5.0,1.4,840.0,600.0,8820.0,84.0,300.0,0.3,styraco,(1.25 * ((combat_level+24) ** 2)) * unstable_factor,(24 + combat_level * 1) * unstable_factor,(0 + combat_level * 5) * unstable_factor
2188,Kadal beracun,Karnivora,3,Sedang,tidak,1,80,1.0,1.4,560.0,400.0,8516.6,137.8,300.0,0.3,lizard_poisonous_volcanic,(1.207 * ((combat_level + 24) ** 2)) * unstable_factor,(39.38 + combat_level * 1.64) * unstable_factor,(0 + combat_level * 5) * unstable_factor
2044,Kadal titik merah,Karnivora,3,Sedang,tidak,1,80,1.0,1.4,560.0,400.0,8516.6,137.8,300.0,0.3,lizard_poisonous,(1.207 * ((combat_level + 24) ** 2)) * unstable_factor,(39.38 + combat_level * 1.64) * unstable_factor,(0 + combat_level * 5) * unstable_factor
2074,Tuojiangosaurus muda,Herbivora,2,Kecil,tidak,1,80,3.0,2.1,560.0,400.0,7987.4,64.6,300.0,0.3,kentro_baby,(1.132 * ((combat_level + 24) ** 2)) * unstable_factor,(18.39 + combat_level * 0.77) * unstable_factor,(0 + combat_level * 5) * unstable_factor
2031,Edmontosaurus,Herbivora,4,Besar,tidak,1,80,3.0,2.2,840.0,600.0,7916.8,78.2,300.0,0.3,edmontosaurus,(1.122 * ((combat_level + 24) ** 2)) * unstable_factor,(22.37 + combat_level * 0.93) * unstable_factor,(0 + combat_level * 5) * unstable_factor
2073,Styracosaurus muda,Herbivora,2,Kecil,tidak,1,80,3.0,1.2,420.0,300.0,7902.7,52.1,300.0,0.3,styraco_baby,(1.12 * ((combat_level + 24) ** 2)) * unstable_factor,(14.9 + combat_level * 0.62) * unstable_factor,(0 + combat_level * 5) * unstable_factor
2174,Skunkodous belerang,Herbivora,1,Sangat kecil,ya,1,80,1.0,1.6,140.0,100.0,7796.9,136.2,300.0,0.3,skunkodus_sulphur,1.105 * ((combat_level + 24) ** 2) * unstable_factor,(38.98 + combat_level * 1.62) * unstable_factor,(0 + combat_level * 5) * unstable_factor
2067,Ankylosaurus muda,Herbivora,1,Sangat kecil,tidak,1,80,5.0,1.6,210.0,150.0,7627.5,117.7,375.0,0.3,ankylo_baby,(1.081 * ((combat_level + 24) ** 2)) * unstable_factor,(33.65 + combat_level * 1.4) * unstable_factor,(75 + combat_level * 5) * unstable_factor
2068,Euoplocephalus muda,Herbivora,1,Sangat kecil,tidak,1,80,5.0,1.8,210.0,150.0,7514.6,140.3,375.0,0.3,ankylo_baby,(1.065 * ((combat_level + 24) ** 2)) * unstable_factor,(40.09 + combat_level * 1.67) * unstable_factor,(75 + combat_level * 5) * unstable_factor
2048,Iguanodon,Herbivora,4,Besar,tidak,1,80,3.0,2.2,840.0,600.0,7479.4,75.5,300.0,0.3,iguanodon,(1.06 * ((combat_level + 24) ** 2)) * unstable_factor,(21.5 + combat_level * 0.9) * unstable_factor,(0 + combat_level * 5) * unstable_factor
2028,Saurolophus,Herbivora,4,Besar,tidak,1,80,3.0,2.0,840.0,600.0,7161.8,84.9,300.0,0.3,saurolophus,(1.015 * ((combat_level + 24) ** 2)) * unstable_factor,(24.34 + combat_level * 1.01) * unstable_factor,(0 + combat_level * 5) * unstable_factor
2024,Dilophosaurus,Karnivora,2,Kecil,ya,1,80,3.0,1.7,420.0,300.0,7154.8,98.3,300.0,0.3,utahraptor,(1.014 * ((combat_level + 24) ** 2)) * unstable_factor,(28.1 + combat_level * 1.17) * unstable_factor,(0 + combat_level * 5) * unstable_factor
2136,Kapten rekrutmen,Herbivora,1,Sangat kecil,tidak,1,80,5.0,3.0,560.0,400.0,7056.0,111.0,300.0,0.3,recruiter_lead,(1 * ((combat_level+24) ** 2)) * unstable_factor,(36 + combat_level * 1.25) * unstable_factor,(0 + combat_level * 5) * unstable_factor
2137,Kapten rekrutmen,Herbivora,1,Sangat kecil,tidak,1,80,5.0,3.0,560.0,400.0,7056.0,111.0,300.0,0.3,recruiter_lead,(1 * ((combat_level+24) ** 2)) * unstable_factor,(36 + combat_level * 1.25) * unstable_factor,(0 + combat_level * 5) * unstable_factor
2205,Megaloceros jantan perut putih tak dikenal,Herbivora,3,Sedang,tidak,1,80,3.0,4.0,490.0,350.0,6802.0,65.5,300.0,0.3,muntant_animals,(0.964 * ((combat_level + 24) ** 2)) * unstable_factor,(18.65 + combat_level * 0.78) * unstable_factor,(0 + combat_level * 5) * unstable_factor
2210,Megaloceros jantan perut putih tak dikenal,Herbivora,3,Sedang,tidak,1,80,3.0,4.0,490.0,350.0,6802.0,65.5,300.0,0.3,muntant_animals,(0.964 * ((combat_level + 24) ** 2)) * unstable_factor,(18.65 + combat_level * 0.78) * unstable_factor,(0 + combat_level * 5) * unstable_factor
2079,Megaloceros jantan perut putih,Herbivora,3,Sedang,ya,1,80,3.0,4.0,490.0,350.0,6802.0,65.5,300.0,0.3,megalo_snow,(0.964 * ((combat_level + 24) ** 2)) * unstable_factor,(18.65 + combat_level * 0.78) * unstable_factor,(0 + combat_level * 5) * unstable_factor
2014,Ornithomimus,Karnivora,3,Sedang,ya,1,80,3.0,3.6,560.0,400.0,6752.6,97.5,300.0,0.3,ornitho,(0.957 * ((combat_level + 24) ** 2)) * unstable_factor,(27.94 + combat_level * 1.16) * unstable_factor,(0 + combat_level * 5) * unstable_factor
2075,Stegosaurus muda,Herbivora,2,Kecil,tidak,1,80,3.0,2.1,350.0,250.0,6533.9,61.2,300.0,0.3,stego_baby,(0.926 * ((combat_level + 24) ** 2)) * unstable_factor,(17.4 + combat_level * 0.73) * unstable_factor,(0 + combat_level * 5) * unstable_factor
2084,Kentrosaurus muda,Herbivora,2,Kecil,tidak,1,80,3.0,2.1,420.0,300.0,6533.9,61.2,300.0,0.3,kentro_baby,(0.926 * ((combat_level + 24) ** 2)) * unstable_factor,(17.4 + combat_level * 0.73) * unstable_factor,(0 + combat_level * 5) * unstable_factor
2088,Smilodon,Karnivora,4,Besar,ya,1,80,3.0,2.1,560.0,400.0,6428.0,104.9,300.0,0.3,smilodon,(0.911 * ((combat_level + 24) ** 2)) * unstable_factor,(29.94 + combat_level * 1.25) * unstable_factor,(0 + combat_level * 5) * unstable_factor
2007,Smilodon,Karnivora,4,Besar,ya,1,80,3.0,2.1,560.0,400.0,6428.0,104.9,300.0,0.3,smilodon,(0.911 * ((combat_level + 24) ** 2)) * unstable_factor,(29.94 + combat_level * 1.25) * unstable_factor,(0 + combat_level * 5) * unstable_factor
2047,Smilodon,Karnivora,4,Besar,ya,1,80,3.0,2.1,560.0,400.0,6428.0,104.9,300.0,0.3,smilodon,(0.911 * ((combat_level + 24) ** 2)) * unstable_factor,(29.94 + combat_level * 1.25) * unstable_factor,(0 + combat_level * 5) * unstable_factor
2138,Smilodon bulu putih,Karnivora,4,Besar,tidak,1,80,3.0,2.1,560.0,400.0,6428.0,104.9,300.0,0.3,smilodon_snow_s01,(0.911 * ((combat_level + 24) ** 2)) * unstable_factor,(29.94 + combat_level * 1.25) * unstable_factor,(0 + combat_level * 5) * unstable_factor
2199,Smilodon bulu putih,Karnivora,4,Besar,tidak,1,80,3.0,2.1,560.0,400.0,6428.0,104.9,300.0,0.3,muntant_animals,(0.911 * ((combat_level + 24) ** 2)) * unstable_factor,(29.94 + combat_level * 1.25) * unstable_factor,(0 + combat_level * 5) * unstable_factor
2090,Coelophysis salju,Karnivora,2,Kecil,ya,1,80,1.0,3.6,350.0,250.0,6089.3,99.2,300.0,0.3,coelo_snow,(0.863 * ((combat_level + 24) ** 2)) * unstable_factor,(28.44 + combat_level * 1.18) * unstable_factor,(0 + combat_level * 5) * unstable_factor
2077,Albirraptor,Pemulung,2,Kecil,ya,1,80,1.0,1.3,280.0,200.0,6089.3,89.0,300.0,0.3,oviraptor_snowy,(0.863 * ((combat_level + 24) ** 2)) * unstable_factor,(25.39 + combat_level * 1.06) * unstable_factor,(0 + combat_level * 5) * unstable_factor
2017,Protoceratops,Herbivora,2,Kecil,ya,1,80,1.0,1.3,560.0,400.0,6075.2,90.7,300.0,0.3,proto,(0.861 * ((combat_level + 24) ** 2)) * unstable_factor,(25.86 + combat_level * 1.08) * unstable_factor,(0 + combat_level * 5) * unstable_factor
2171,Belangkas,Herbivora,2,Kecil,tidak,1,80,0.3,4.0,140.0,100.0,5920.0,46.0,300.0,0.3,horseshoecrab,0.839 * ((combat_level + 24) ** 2) * unstable_factor,(13.02 + combat_level * 0.55) * unstable_factor,(0 + combat_level * 5) * unstable_factor
2201,Megaloceros betina perut putih tak dikenal,Herbivora,2,Kecil,tidak,1,80,1.0,4.0,490.0,350.0,5870.6,38.6,300.0,0.3,muntant_animals,(0.832 * ((combat_level + 24) ** 2)) * unstable_factor,(11.01 + combat_level * 0.46) * unstable_factor,(0 + combat_level * 5) * unstable_factor
2212,Megaloceros betina perut putih tak dikenal,Herbivora,2,Kecil,tidak,1,80,1.0,4.0,490.0,350.0,5870.6,38.6,300.0,0.3,muntant_animals,(0.832 * ((combat_level + 24) ** 2)) * unstable_factor,(11.01 + combat_level * 0.46) * unstable_factor,(0 + combat_level * 5) * unstable_factor
2080,Megaloceros betina perut putih,Herbivora,2,Kecil,tidak,1,80,1.0,4.0,490.0,350.0,5870.6,38.6,300.0,0.3,megalo_snow_f,(0.832 * ((combat_level + 24) ** 2)) * unstable_factor,(11.01 + combat_level * 0.46) * unstable_factor,(0 + combat_level * 5) * unstable_factor
2040,Protoceratops merah muda,Herbivora,2,Kecil,ya,1,80,1.0,1.3,560.0,400.0,5849.4,93.3,300.0,0.3,proto_pink,(0.829 * ((combat_level + 24) ** 2)) * unstable_factor,(26.74 + combat_level * 1.11) * unstable_factor,(0 + combat_level * 5) * unstable_factor
2025,Gallimimus,Herbivora,3,Sedang,ya,1,80,3.0,3.6,350.0,250.0,5433.1,94.1,300.0,0.3,gallimimus,(0.77 * ((combat_level + 24) ** 2)) * unstable_factor,(26.87 + combat_level * 1.12) * unstable_factor,(0 + combat_level * 5) * unstable_factor
2195,Gallimimus tak dikenal,Herbivora,3,Sedang,tidak,1,80,3.0,3.6,350.0,250.0,5433.1,94.1,300.0,0.3,muntant_animals,(0.77 * ((combat_level + 24) ** 2)) * unstable_factor,(26.87 + combat_level * 1.12) * unstable_factor,(0 + combat_level * 5) * unstable_factor
2209,Gallimimus tak dikenal,Herbivora,3,Sedang,tidak,1,80,3.0,3.6,350.0,250.0,5433.1,94.1,300.0,0.3,muntant_animals,(0.77 * ((combat_level + 24) ** 2)) * unstable_factor,(26.87 + combat_level * 1.12) * unstable_factor,(0 + combat_level * 5) * unstable_factor
2190,Pavomimus tak dikenal,Karnivora,2,Kecil,tidak,1,80,3.0,3.6,350.0,250.0,5433.1,78.1,300.0,0.3,muntant_animals,(0.77 * ((combat_level + 24) ** 2)) * unstable_factor,(22.32 + combat_level * 0.93) * unstable_factor,(0 + combat_level * 5) * unstable_factor
2903,Therizinosaurus,Herbivora,5,Sangat besar,tidak,1,80,3.0,3.6,350.0,250.0,5433.1,94.1,300.0,0.3,gallimimus,(0.77 * ((combat_level + 24) ** 2)) * unstable_factor,(26.87 + combat_level * 1.12) * unstable_factor,(0 + combat_level * 5) * unstable_factor
2093,Pavomimus,Karnivora,2,Kecil,ya,1,80,3.0,3.6,350.0,250.0,5433.1,78.1,300.0,0.3,pavomimus,(0.77 * ((combat_level + 24) ** 2)) * unstable_factor,(22.32 + combat_level * 0.93) * unstable_factor,(0 + combat_level * 5) * unstable_factor
2030,Corythosaurus,Herbivora,4,Besar,tidak,40,60,3.0,2.0,840.0,600.0,5419.0,66.4,300.0,0.3,saurolophus,(0.768 * ((combat_level + 24) ** 2)) * unstable_factor,(18.96 + combat_level * 0.79) * unstable_factor,(0 + combat_level * 5) * unstable_factor
2009,Parasaurolophus,Herbivora,4,Besar,ya,1,80,3.0,2.0,840.0,600.0,5419.0,66.4,300.0,0.3,parasaurolophus,(0.768 * ((combat_level + 24) ** 2)) * unstable_factor,(18.96 + combat_level * 0.79) * unstable_factor,(0 + combat_level * 5) * unstable_factor
2196,Megaloceros jantan tak dikenal,Herbivora,3,Sedang,tidak,25,80,3.0,4.0,490.0,350.0,5299.1,42.0,300.0,0.3,muntant_animals,(0.751 * ((combat_level + 24) ** 2)) * unstable_factor,(12 + combat_level * 0.5) * unstable_factor,(0 + combat_level * 5) * unstable_factor
2013,Megaloceros jantan,Herbivora,3,Sedang,ya,25,80,3.0,4.0,490.0,350.0,5299.1,42.0,300.0,0.3,megalo,(0.751 * ((combat_level + 24) ** 2)) * unstable_factor,(12 + combat_level * 0.5) * unstable_factor,(0 + combat_level * 5) * unstable_factor
2038,Tikus raksasa,Herbivora,1,Sangat kecil,tidak,1,80,1.0,1.6,140.0,100.0,5292.0,52.0,300.0,0.3,rat,(0.75 * ((combat_level + 24) ** 2)) * unstable_factor,(14.8 + combat_level * 0.62) * unstable_factor,(0 + combat_level * 5) * unstable_factor
2059,Pachycephalosaurus,Herbivora,4,Besar,tidak,1,80,5.0,2.0,504.0,360.0,5292.0,84.0,375.0,0.3,pachycephalosaurus,(0.75 * ((combat_level+24) ** 2)) * unstable_factor,(24 + combat_level * 1) * unstable_factor,(75 + combat_level * 5) * unstable_factor
2022,Pachycephalosaurus,Herbivora,4,Besar,tidak,1,80,5.0,2.0,504.0,360.0,5292.0,84.0,375.0,0.3,pachycephalosaurus,(0.75 * ((combat_level+24) ** 2)) * unstable_factor,(24 + combat_level * 1) * unstable_factor,(75 + combat_level * 5) * unstable_factor
2085,Ornithomimus muda,Karnivora,2,Kecil,tidak,1,80,1.0,3.6,280.0,200.0,5108.5,75.7,300.0,0.3,ornitho_baby,(0.724 * ((combat_level + 24) ** 2)) * unstable_factor,(21.7 + combat_level * 0.9) * unstable_factor,(0 + combat_level * 5) * unstable_factor
2183,Iguana sisik lima warna,Karnivora,3,Sedang,ya,1,80,1.0,1.4,560.0,400.0,5108.5,78.0,300.0,0.3,iguana_rock,(0.724 * ((combat_level + 24) ** 2)) * unstable_factor,(22.22 + combat_level * 0.93) * unstable_factor,(0 + combat_level * 5) * unstable_factor
2200,Megaloceros muda perut putih tak dikenal,Herbivora,1,Sangat kecil,tidak,1,80,0.3,4.0,140.0,100.0,5087.4,34.3,300.0,0.3,muntant_animals,(0.721 * ((combat_level + 24) ** 2)) * unstable_factor,(9.73 + combat_level * 0.41) * unstable_factor,(0 + combat_level * 5) * unstable_factor
2211,Megaloceros muda perut putih tak dikenal,Herbivora,1,Sangat kecil,tidak,1,80,0.3,4.0,140.0,100.0,5087.4,34.3,300.0,0.3,muntant_animals,(0.721 * ((combat_level + 24) ** 2)) * unstable_factor,(9.73 + combat_level * 0.41) * unstable_factor,(0 + combat_level * 5) * unstable_factor
2081,Megaloceros muda perut putih,Herbivora,1,Sangat kecil,tidak,1,80,0.3,4.0,140.0,100.0,5087.4,34.3,300.0,0.3,megalo_snow_b,(0.721 * ((combat_level + 24) ** 2)) * unstable_factor,(9.73 + combat_level * 0.41) * unstable_factor,(0 + combat_level * 5) * unstable_factor
2069,Direwolf,Karnivora,2,Kecil,tidak,1,80,3.0,1.8,560.0,400.0,5030.9,103.3,300.0,0.3,wolf,(0.713 * ((combat_level + 24) ** 2)) * unstable_factor,(29.53 + combat_level * 1.23) * unstable_factor,(0 + combat_level * 5) * unstable_factor
2020,Direwolf,Karnivora,2,Kecil,ya,1,80,3.0,1.8,560.0,400.0,5030.9,103.3,300.0,0.3,wolf,(0.713 * ((combat_level + 24) ** 2)) * unstable_factor,(29.53 + combat_level * 1.23) * unstable_factor,(0 + combat_level * 5) * unstable_factor
2204,Direwolf hitam tak dikenal,Karnivora,2,Kecil,tidak,1,80,3.0,1.8,560.0,400.0,5030.9,103.3,300.0,0.3,muntant_animals,(0.713 * ((combat_level + 24) ** 2)) * unstable_factor,(29.53 + combat_level * 1.23) * unstable_factor,(0 + combat_level * 5) * unstable_factor
2029,Deinonychus,Karnivora,2,Kecil,ya,1,80,1.0,1.7,420.0,300.0,4882.8,78.1,300.0,0.3,deinonychus,(0.692 * ((combat_level + 24) ** 2)) * unstable_factor,(22.31 + combat_level * 0.93) * unstable_factor,(0 + combat_level * 5) * unstable_factor
2012,Macrauchenia,Herbivora,2,Kecil,ya,1,80,1.0,3.2,210.0,150.0,4720.5,20.1,300.0,0.3,macrau,(0.669 * ((combat_level + 24) ** 2)) * unstable_factor,(5.75 + combat_level * 0.24) * unstable_factor,(0 + combat_level * 5) * unstable_factor
2194,Macrauchenia tak dikenal,Herbivora,2,Kecil,tidak,1,80,1.0,3.2,210.0,150.0,4720.5,20.1,300.0,0.3,muntant_animals,(0.669 * ((combat_level + 24) ** 2)) * unstable_factor,(5.75 + combat_level * 0.24) * unstable_factor,(0 + combat_level * 5) * unstable_factor
2208,Macrauchenia tak dikenal,Herbivora,2,Kecil,tidak,1,80,1.0,3.2,210.0,150.0,4720.5,20.1,300.0,0.3,muntant_animals,(0.669 * ((combat_level + 24) ** 2)) * unstable_factor,(5.75 + combat_level * 0.24) * unstable_factor,(0 + combat_level * 5) * unstable_factor
2032,Skunkodous,Herbivora,1,Sangat kecil,ya,1,80,1.0,1.6,140.0,100.0,4402.9,50.3,300.0,0.3,skunkodus,(0.624 * ((combat_level + 24) ** 2)) * unstable_factor,(14.28 + combat_level * 0.6) * unstable_factor,(0 + combat_level * 5) * unstable_factor
2173,Skunkodous penyelam,Herbivora,1,Sangat kecil,ya,1,80,1.0,1.6,140.0,100.0,4402.9,50.3,300.0,0.3,skunkodus,(0.624 * ((combat_level + 24) ** 2)) * unstable_factor,(14.28 + combat_level * 0.6) * unstable_factor,(0 + combat_level * 5) * unstable_factor
2023,Utahraptor,Karnivora,2,Kecil,ya,1,80,1.0,1.7,490.0,350.0,4374.7,70.6,300.0,0.3,utahraptor,(0.62 * ((combat_level + 24) ** 2)) * unstable_factor,(20.19 + combat_level * 0.84) * unstable_factor,(0 + combat_level * 5) * unstable_factor
2198,Megaloceros betina tak dikenal,Herbivora,2,Kecil,tidak,25,80,1.0,4.0,490.0,350.0,4198.3,32.9,300.0,0.3,muntant_animals,(0.595 * ((combat_level + 24) ** 2)) * unstable_factor,(9.47 + combat_level * 0.39) * unstable_factor,(0 + combat_level * 5) * unstable_factor
2063,Megaloceros betina,Herbivora,2,Kecil,tidak,25,80,1.0,4.0,490.0,350.0,4198.3,32.9,300.0,0.3,megalo_f,(0.595 * ((combat_level + 24) ** 2)) * unstable_factor,(9.47 + combat_level * 0.39) * unstable_factor,(0 + combat_level * 5) * unstable_factor
2076,Gallimimus muda,Herbivora,1,Sangat kecil,tidak,1,80,1.0,3.6,210.0,150.0,3965.5,78.9,300.0,0.3,coelo_baby,(0.562 * ((combat_level + 24) ** 2)) * unstable_factor,(22.47 + combat_level * 0.94) * unstable_factor,(0 + combat_level * 5) * unstable_factor
2134,Petugas rekrutmen,Herbivora,1,Sangat kecil,tidak,1,80,3.0,3.0,420.0,300.0,3880.8,84.0,300.0,0.3,recruiter_common,(0.55 * ((combat_level+24) ** 2)) * unstable_factor,(24 + combat_level * 1) * unstable_factor,(0 + combat_level * 5) * unstable_factor
2135,Petugas rekrutmen,Herbivora,1,Sangat kecil,tidak,1,80,3.0,3.0,420.0,300.0,3880.8,84.0,300.0,0.3,recruiter_common,(0.55 * ((combat_level+24) ** 2)) * unstable_factor,(24 + combat_level * 1) * unstable_factor,(0 + combat_level * 5) * unstable_factor
2033,Dodophysis,Karnivora,1,Sangat kecil,tidak,1,80,1.0,3.0,140.0,100.0,3697.3,47.9,300.0,0.3,dodo,(0.524 * ((combat_level + 24) ** 2)) * unstable_factor,(13.71 + combat_level * 0.57) * unstable_factor,(0 + combat_level * 5) * unstable_factor
2035,Dodophysis,Karnivora,1,Sangat kecil,tidak,1,80,1.0,3.0,140.0,100.0,3697.3,47.9,300.0,0.3,dodo,(0.524 * ((combat_level + 24) ** 2)) * unstable_factor,(13.71 + combat_level * 0.57) * unstable_factor,(0 + combat_level * 5) * unstable_factor
2157,Smilodon,Karnivora,4,Besar,ya,1,80,3.0,2.1,560.0,400.0,3662.1,84.0,300.0,0.3,smilodon,(0.519 * ((combat_level+24) ** 2)) * unstable_factor,(24 + combat_level * 1) * unstable_factor,(0 + combat_level * 5) * unstable_factor
2071,Direwolf muda,Karnivora,1,Sangat kecil,tidak,1,80,1.0,1.8,140.0,100.0,3619.7,73.2,300.0,0.3,wolf_baby,(0.513 * ((combat_level + 24) ** 2)) * unstable_factor,(20.99 + combat_level * 0.87) * unstable_factor,(0 + combat_level * 5) * unstable_factor
2203,Direwolf hitam muda tak dikenal,Karnivora,1,Sangat kecil,tidak,1,80,1.0,1.8,140.0,100.0,3619.7,73.2,300.0,0.3,muntant_animals,(0.513 * ((combat_level + 24) ** 2)) * unstable_factor,(20.99 + combat_level * 0.87) * unstable_factor,(0 + combat_level * 5) * unstable_factor
2192,Direwolf bulu putih muda tak dikenal,Karnivora,1,Sangat kecil,tidak,1,80,1.0,1.8,140.0,100.0,3619.7,73.2,300.0,0.3,muntant_animals,(0.513 * ((combat_level + 24) ** 2)) * unstable_factor,(20.99 + combat_level * 0.87) * unstable_factor,(0 + combat_level * 5) * unstable_factor
2016,Coelophysis,Karnivora,2,Kecil,ya,1,80,1.0,3.6,350.0,250.0,3619.7,78.2,300.0,0.3,coelo,(0.513 * ((combat_level + 24) ** 2)) * unstable_factor,(22.4 + combat_level * 0.93) * unstable_factor,(0 + combat_level * 5) * unstable_factor
2045,Coelophysis,Karnivora,2,Kecil,tidak,1,80,1.0,3.6,350.0,250.0,3619.7,78.2,300.0,0.3,coelo,(0.513 * ((combat_level + 24) ** 2)) * unstable_factor,(22.4 + combat_level * 0.93) * unstable_factor,(0 + combat_level * 5) * unstable_factor
2164,Megaloceros jantan,Herbivora,3,Sedang,ya,25,80,3.0,4.0,490.0,350.0,3598.6,84.0,300.0,0.3,megalo,(0.51 * ((combat_level+24) ** 2)) * unstable_factor,(24 + combat_level * 1) * unstable_factor,(0 + combat_level * 5) * unstable_factor
2046,Hadrosaurus,Herbivora,4,Besar,tidak,1,80,3.0,2.2,840.0,600.0,3528.0,63.0,300.0,0.3,saurolophus,(0.5 * ((combat_level+24) ** 2)) * unstable_factor,(18 + combat_level * 0.75) * unstable_factor,(0 + combat_level * 5) * unstable_factor
2043,Kadal pasir,Herbivora,1,Sangat kecil,tidak,1,80,0.3,1.4,980.0,700.0,3457.4,29.4,300.0,0.3,lizard,(0.49 * ((combat_level + 24) ** 2)) * unstable_factor,(8.4 + combat_level * 0.35) * unstable_factor,(0 + combat_level * 5) * unstable_factor
2162,Gallimimus,Herbivora,3,Sedang,ya,1,80,3.0,3.6,350.0,250.0,3401.0,84.0,300.0,0.3,gallimimus,(0.482 * ((combat_level+24) ** 2)) * unstable_factor,(24 + combat_level * 1) * unstable_factor,(0 + combat_level * 5) * unstable_factor
2156,Phenacodus lebah,Herbivora,1,Sangat kecil,ya,1,80,1.0,1.6,140.0,100.0,3274.0,44.6,300.0,0.3,phenaco,(0.464 * ((combat_level + 24) ** 2)) * unstable_factor,(12.81 + combat_level * 0.53) * unstable_factor,(0 + combat_level * 5) * unstable_factor
2050,Phenacodus penyihir,Herbivora,1,Sangat kecil,ya,1,80,1.0,1.6,140.0,100.0,3274.0,44.6,300.0,0.3,phenaco,(0.464 * ((combat_level + 24) ** 2)) * unstable_factor,(12.81 + combat_level * 0.53) * unstable_factor,(0 + combat_level * 5) * unstable_factor
2129,Phenacodus Santa,Herbivora,1,Sangat kecil,ya,1,80,1.0,1.6,140.0,100.0,3274.0,44.6,300.0,0.3,phenaco,(0.464 * ((combat_level + 24) ** 2)) * unstable_factor,(12.81 + combat_level * 0.53) * unstable_factor,(0 + combat_level * 5) * unstable_factor
2181,Phenacodus hiu,Herbivora,1,Sangat kecil,ya,1,80,1.0,1.6,140.0,100.0,3274.0,44.6,300.0,0.3,phenaco,(0.464 * ((combat_level + 24) ** 2)) * unstable_factor,(12.81 + combat_level * 0.53) * unstable_factor,(0 + combat_level * 5) * unstable_factor
2006,Phenacodus,Herbivora,1,Sangat kecil,tidak,1,80,1.0,1.6,140.0,100.0,3274.0,44.6,300.0,0.3,phenaco,(0.464 * ((combat_level + 24) ** 2)) * unstable_factor,(12.81 + combat_level * 0.53) * unstable_factor,(0 + combat_level * 5) * unstable_factor
2049,Phenacodus hanbok,Herbivora,1,Sangat kecil,ya,1,80,1.0,1.6,140.0,100.0,3274.0,44.6,300.0,0.3,phenaco,(0.464 * ((combat_level + 24) ** 2)) * unstable_factor,(12.81 + combat_level * 0.53) * unstable_factor,(0 + combat_level * 5) * unstable_factor
2052,Phenacodus penyihir labu,Herbivora,1,Sangat kecil,ya,1,80,1.0,1.6,140.0,100.0,3274.0,44.6,300.0,0.3,phenaco,(0.464 * ((combat_level + 24) ** 2)) * unstable_factor,(12.81 + combat_level * 0.53) * unstable_factor,(0 + combat_level * 5) * unstable_factor
2027,Zebra-ceratops,Herbivora,2,Kecil,ya,1,80,1.0,1.3,560.0,400.0,3147.0,80.7,300.0,0.3,zebra,(0.446 * ((combat_level + 24) ** 2)) * unstable_factor,(23.07 + combat_level * 0.96) * unstable_factor,(0 + combat_level * 5) * unstable_factor
2197,Megaloceros muda tak dikenal,Herbivora,1,Sangat kecil,tidak,25,80,0.3,4.0,140.0,100.0,3118.8,28.6,300.0,0.3,muntant_animals,(0.442 * ((combat_level + 24) ** 2)) * unstable_factor,(8.18 + combat_level * 0.34) * unstable_factor,(0 + combat_level * 5) * unstable_factor
2064,Megaloceros muda,Herbivora,1,Sangat kecil,tidak,25,80,0.3,4.0,140.0,100.0,3118.8,28.6,300.0,0.3,megalo_b,(0.442 * ((combat_level + 24) ** 2)) * unstable_factor,(8.18 + combat_level * 0.34) * unstable_factor,(0 + combat_level * 5) * unstable_factor
2001,Raptor,Karnivora,2,Kecil,ya,1,80,1.0,1.7,420.0,300.0,2977.6,53.8,300.0,0.3,raptor,(0.422 * ((combat_level + 24) ** 2)) * unstable_factor,(15.39 + combat_level * 0.64) * unstable_factor,(0 + combat_level * 5) * unstable_factor
2078,Pictaraptor,Pemulung,2,Kecil,ya,1,80,1.0,1.3,280.0,200.0,2977.6,68.9,300.0,0.3,oviraptor_tropical,(0.422 * ((combat_level + 24) ** 2)) * unstable_factor,(19.68 + combat_level * 0.82) * unstable_factor,(0 + combat_level * 5) * unstable_factor
2130,Gastornis,Karnivora,3,Sedang,tidak,1,80,3.0,3.6,560.0,400.0,2940.6,84.0,300.0,0.3,ornitho,(0.41675 * ((combat_level+24) ** 2)) * unstable_factor,(24 + combat_level * 1) * unstable_factor,(0 + combat_level * 5) * unstable_factor
2149,Gastornis murai,Karnivora,3,Sedang,tidak,1,80,3.0,3.6,560.0,400.0,2940.6,84.0,300.0,0.3,ornitho,(0.41675 * ((combat_level+24) ** 2)) * unstable_factor,(24 + combat_level * 1) * unstable_factor,(0 + combat_level * 5) * unstable_factor
2152,Labrador Retriever hitam,Karnivora,2,Kecil,tidak,32,48,3.0,1.8,560.0,400.0,2940.6,84.0,300.0,0.3,wolf,(0.41675 * ((combat_level+24) ** 2)) * unstable_factor,(24 + combat_level * 1) * unstable_factor,(0 + combat_level * 5) * unstable_factor
2055,Direwolf,Karnivora,2,Kecil,ya,1,80,3.0,1.8,560.0,400.0,2940.6,84.0,300.0,0.3,wolf,(0.41675 * ((combat_level+24) ** 2)) * unstable_factor,(24 + combat_level * 1) * unstable_factor,(0 + combat_level * 5) * unstable_factor
2131,Labrador Retriever,Karnivora,2,Kecil,tidak,32,48,3.0,1.8,560.0,400.0,2940.6,84.0,300.0,0.3,wolf,(0.41675 * ((combat_level+24) ** 2)) * unstable_factor,(24 + combat_level * 1) * unstable_factor,(0 + combat_level * 5) * unstable_factor
2189,Gastornis tak dikenal,Karnivora,3,Sedang,tidak,1,80,3.0,3.6,560.0,400.0,2940.6,84.0,300.0,0.3,muntant_animals,(0.41675 * ((combat_level+24) ** 2)) * unstable_factor,(24 + combat_level * 1) * unstable_factor,(0 + combat_level * 5) * unstable_factor
2191,Direwolf bulu putih tak dikenal,Karnivora,2,Kecil,tidak,1,80,3.0,1.8,560.0,400.0,2940.6,84.0,300.0,0.3,muntant_animals,(0.41675 * ((combat_level+24) ** 2)) * unstable_factor,(24 + combat_level * 1) * unstable_factor,(0 + combat_level * 5) * unstable_factor
2057,Megaloceros jantan,Herbivora,3,Sedang,ya,25,80,3.0,4.0,490.0,350.0,2940.6,84.0,300.0,0.3,megalo,(0.41675 * ((combat_level+24) ** 2)) * unstable_factor,(24 + combat_level * 1) * unstable_factor,(0 + combat_level * 5) * unstable_factor
2092,Megaloceros jantan perut putih,Herbivora,3,Sedang,ya,1,80,3.0,4.0,490.0,350.0,2940.6,84.0,300.0,0.3,megalo_snow,(0.41675 * ((combat_level+24) ** 2)) * unstable_factor,(24 + combat_level * 1) * unstable_factor,(0 + combat_level * 5) * unstable_factor
2153,Gajah Afrika,Herbivora,5,Sangat besar,tidak,1,80,3.0,2.7,980.0,700.0,2940.6,84.0,300.0,0.3,elephant,(0.41675 * ((combat_level+24) ** 2)) * unstable_factor,(24 + combat_level * 1) * unstable_factor,(0 + combat_level * 5) * unstable_factor
2154,Gajah Afrika,Herbivora,5,Sangat besar,tidak,1,80,3.0,2.7,980.0,700.0,2940.6,84.0,300.0,0.3,elephant,(0.41675 * ((combat_level+24) ** 2)) * unstable_factor,(24 + combat_level * 1) * unstable_factor,(0 + combat_level * 5) * unstable_factor
2150,Gajah putih,Herbivora,5,Sangat besar,tidak,1,80,3.0,2.7,980.0,700.0,2940.6,84.0,300.0,0.3,elephant,(0.41675 * ((combat_level+24) ** 2)) * unstable_factor,(24 + combat_level * 1) * unstable_factor,(0 + combat_level * 5) * unstable_factor
2151,Gajah putih,Herbivora,5,Sangat besar,tidak,1,80,3.0,2.7,980.0,700.0,2940.6,84.0,300.0,0.3,elephant,(0.41675 * ((combat_level+24) ** 2)) * unstable_factor,(24 + combat_level * 1) * unstable_factor,(0 + combat_level * 5) * unstable_factor
2070,Direwolf bulu putih,Karnivora,2,Kecil,tidak,1,80,3.0,1.8,560.0,400.0,2940.6,84.0,300.0,0.3,wolf_snow,(0.41675 * ((combat_level+24) ** 2)) * unstable_factor,(24 + combat_level * 1) * unstable_factor,(0 + combat_level * 5) * unstable_factor
2091,Direwolf bulu putih,Karnivora,2,Kecil,tidak,1,80,3.0,1.8,560.0,400.0,2940.6,84.0,300.0,0.3,wolf_snow,(0.41675 * ((combat_level+24) ** 2)) * unstable_factor,(24 + combat_level * 1) * unstable_factor,(0 + combat_level * 5) * unstable_factor
2206,Direwolf bulu putih,Karnivora,2,Kecil,tidak,1,80,3.0,1.8,560.0,400.0,2940.6,84.0,300.0,0.3,muntant_animals,(0.41675 * ((combat_level+24) ** 2)) * unstable_factor,(24 + combat_level * 1) * unstable_factor,(0 + combat_level * 5) * unstable_factor
2002,Oviraptor,Pemulung,2,Kecil,ya,1,80,1.0,1.3,280.0,200.0,2829.5,55.5,300.0,0.3,oviraptor,(0.401 * ((combat_level + 24) ** 2)) * unstable_factor,(15.94 + combat_level * 0.66) * unstable_factor,(0 + combat_level * 5) * unstable_factor
2145,Triceratops bersemangat,Herbivora,4,Besar,tidak,1,80,5.0,1.4,980.0,700.0,2758.9,158.7,300.0,0.3,tricera_s02,(0.391 * ((combat_level+24) ** 2)) * unstable_factor,(45.28 + combat_level * 1.89) * unstable_factor,(0 + combat_level * 5) * unstable_factor
2166,Megaloceros betina,Herbivora,2,Kecil,tidak,25,80,1.0,4.0,490.0,350.0,2497.8,25.2,300.0,0.3,megalo_f,(0.354 * ((combat_level+24) ** 2)) * unstable_factor,(7.2 + combat_level * 0.3) * unstable_factor,(0 + combat_level * 5) * unstable_factor
2015,Compsognathus,Pemulung,1,Sangat kecil,tidak,1,80,0.3,3.0,140.0,100.0,2490.8,34.5,300.0,0.3,compso,(0.353 * ((combat_level + 24) ** 2)) * unstable_factor,(9.95 + combat_level * 0.41) * unstable_factor,(0 + combat_level * 5) * unstable_factor
2036,Compsognathus bergaris,Karnivora,1,Sangat kecil,tidak,1,80,0.3,3.0,140.0,100.0,2483.7,34.5,300.0,0.3,compso_stripe,(0.352 * ((combat_level + 24) ** 2)) * unstable_factor,(9.95 + combat_level * 0.41) * unstable_factor,(0 + combat_level * 5) * unstable_factor
2056,Macrauchenia,Herbivora,2,Kecil,ya,1,80,1.0,3.2,210.0,150.0,2205.0,25.2,300.0,0.3,macrau,(0.3125 * ((combat_level+24) ** 2)) * unstable_factor,(7.2 + combat_level * 0.3) * unstable_factor,(0 + combat_level * 5) * unstable_factor
2167,Skunkodous,Herbivora,1,Sangat kecil,ya,1,80,1.0,1.6,140.0,100.0,2194.4,42.0,300.0,0.3,skunkodus,(0.311 * ((combat_level+24) ** 2)) * unstable_factor,(12 + combat_level * 0.5) * unstable_factor,(0 + combat_level * 5) * unstable_factor
2039,Achenicus,Karnivora,2,Kecil,tidak,1,80,1.0,1.7,420.0,300.0,2159.1,34.4,300.0,0.3,deinonychus_savana,(0.306 * ((combat_level + 24) ** 2)) * unstable_factor,(9.84 + combat_level * 0.41) * unstable_factor,(0 + combat_level * 5) * unstable_factor
2155,Compsognathus kapten,Herbivora,1,Sangat kecil,tidak,1,80,1.0,1.6,140.0,100.0,2118.6,1008.0,150.0,0.3,compso_paper_elite,0.30025 * ((combat_level + 24) ** 2) * unstable_factor,288 + (combat_level * 12) * unstable_factor,(0 + combat_level * 2.5) * unstable_factor
2159,Phenacodus kapten,Herbivora,1,Sangat kecil,tidak,1,80,1.0,1.6,140.0,100.0,2118.6,1008.0,150.0,0.3,phenaco_paper_elite,0.30025 * ((combat_level + 24) ** 2) * unstable_factor,288 + (combat_level * 12) * unstable_factor,(0 + combat_level * 2.5) * unstable_factor
2158,Compsognathus,Herbivora,1,Sangat kecil,tidak,1,80,1.0,1.6,140.0,100.0,2118.6,252.0,150.0,0.3,compso_paper,0.30025 * ((combat_level + 24) ** 2) * unstable_factor,(72 + combat_level * 3) * unstable_factor,(0 + combat_level * 2.5) * unstable_factor
2160,Phenacodus,Herbivora,1,Sangat kecil,tidak,1,80,1.0,1.6,140.0,100.0,2118.6,252.0,150.0,0.3,phenaco_paper,0.30025 * ((combat_level + 24) ** 2) * unstable_factor,(72 + combat_level * 3) * unstable_factor,(0 + combat_level * 2.5) * unstable_factor
2042,Kadal,Herbivora,1,Sangat kecil,tidak,1,80,0.3,1.4,980.0,700.0,1996.8,29.5,300.0,0.3,lizard,(0.283 * ((combat_level + 24) ** 2)) * unstable_factor,(8.51 + combat_level * 0.35) * unstable_factor,(0 + combat_level * 5) * unstable_factor
2037,Elephantulus,Herbivora,1,Sangat kecil,tidak,1,80,0.3,1.6,140.0,100.0,1996.8,30.2,300.0,0.3,elephantulus,(0.283 * ((combat_level + 24) ** 2)) * unstable_factor,(8.61 + combat_level * 0.36) * unstable_factor,(0 + combat_level * 5) * unstable_factor
2180,Elephantulus festival,Herbivora,1,Sangat kecil,ya,1,80,0.3,1.6,140.0,100.0,1996.8,30.2,300.0,0.3,elephantulus,(0.283 * ((combat_level + 24) ** 2)) * unstable_factor,(8.61 + combat_level * 0.36) * unstable_factor,(0 + combat_level * 5) * unstable_factor
2051,Raptor pengecut,Pemulung,2,Kecil,tidak,1,80,1.0,1.7,420.0,300.0,1940.4,63.0,300.0,0.3,raptor_coward,(0.275 * ((combat_level+24) ** 2)) * unstable_factor,(18 + combat_level * 0.75) * unstable_factor,(0 + combat_level * 5) * unstable_factor
2182,Compsognathus badut,Herbivora,1,Sangat kecil,ya,10,60,1.0,3.0,140.0,100.0,1764.0,42.0,300.0,0.3,compso,(0.25 * ((combat_level+24) ** 2)) * unstable_factor,(12 + combat_level * 0.5) * unstable_factor,(0 + combat_level * 5) * unstable_factor
2060,Skunkodous,Herbivora,1,Sangat kecil,ya,1,80,1.0,1.6,140.0,100.0,1764.0,42.0,300.0,0.3,skunkodus,(0.25 * ((combat_level+24) ** 2)) * unstable_factor,(12 + combat_level * 0.5) * unstable_factor,(0 + combat_level * 5) * unstable_factor
2161,Deinonychus,Karnivora,2,Kecil,ya,1,80,1.0,1.7,420.0,300.0,1651.1,63.0,300.0,0.3,deinonychus,(0.234 * ((combat_level+24) ** 2)) * unstable_factor,(18 + combat_level * 0.75) * unstable_factor,(0 + combat_level * 5) * unstable_factor
2144,Triceratops keracunan,Herbivora,4,Besar,tidak,1,80,5.0,1.4,980.0,700.0,1559.4,123.5,300.0,0.3,tricera_s02,(0.221 * ((combat_level+24) ** 2)) * unstable_factor,(35.34 + combat_level * 1.47) * unstable_factor,(0 + combat_level * 5) * unstable_factor
2163,Gallimimus muda,Herbivora,1,Sangat kecil,tidak,1,80,1.0,3.6,210.0,150.0,1531.2,63.0,300.0,0.3,coelo_baby,(0.217 * ((combat_level+24) ** 2)) * unstable_factor,(18 + combat_level * 0.75) * unstable_factor,(0 + combat_level * 5) * unstable_factor
2146,Coelophysis salju,Karnivora,2,Kecil,ya,1,80,1.0,3.6,350.0,250.0,1323.0,63.0,300.0,0.3,coelo_snow,(0.1875 * ((combat_level+24) ** 2)) * unstable_factor,(18 + combat_level * 0.75) * unstable_factor,(0 + combat_level * 5) * unstable_factor
2058,Coelophysis,Karnivora,2,Kecil,tidak,1,80,1.0,3.6,350.0,250.0,1323.0,63.0,300.0,0.3,coelo,(0.1875 * ((combat_level+24) ** 2)) * unstable_factor,(18 + combat_level * 0.75) * unstable_factor,(0 + combat_level * 5) * unstable_factor
2165,Megaloceros muda,Herbivora,1,Sangat kecil,tidak,25,80,0.3,4.0,140.0,100.0,994.9,25.2,300.0,0.3,megalo_b,(0.141 * ((combat_level+24) ** 2)) * unstable_factor,(7.2 + combat_level * 0.3) * unstable_factor,(0 + combat_level * 5) * unstable_factor
2142,Coelophysis terluka,Karnivora,2,Kecil,tidak,1,80,2.0,3.6,350.0,250.0,980.8,78.9,300.0,,coelo_s02,(0.139 * ((combat_level+24) ** 2)) * unstable_factor,(22.47 + combat_level * 0.94) * unstable_factor,(0 + combat_level * 5) * unstable_factor
2140,Skunkodous mabuk,Herbivora,1,Sangat kecil,tidak,1,80,1.0,1.6,140.0,100.0,740.9,45.3,300.0,,skunkodus_s02,(0.105 * ((combat_level+24) ** 2)) * unstable_factor,(12.92 + combat_level * 0.54) * unstable_factor,(0 + combat_level * 5) * unstable_factor
2141,Tikus raksasa sakit,Herbivora,1,Sangat kecil,tidak,1,80,1.0,1.6,140.0,100.0,522.1,39.5,300.0,,rat_s02,(0.074 * ((combat_level+24) ** 2)) * unstable_factor,(11.31 + combat_level * 0.47) * unstable_factor,(0 + combat_level * 5) * unstable_factor
