id,nama,deskripsi,maks,jumlah_eff,tags
clothes,Pakaian dasar,Memakai pakaian: kelelahan tertahankan.,1,0,
accessory,Kesesuaian iklim,Pakai perlengkapan sesuai iklim: kelelahan tertahankan.,1,0,
dirty,Kotor,Tubuh kotor: kelelahan menumpuk.,1,1,"clear_on_death,clear_on_levelup"
clean,Mandi,"Mandi: bersih, panas dan lelah tertahankan.",1,1,clear_on_death
wet,Basah,"Basah: suhu turun. Di panas lelah tertahankan, di dingin menumpuk.",1,6,"clear_on_death,clear_on_levelup"
drink_water,Air minum,"Minum: haus hilang, kelelahan tertahankan.",1,5,clear_on_death
cactus_water,Pembasah tenggorokan,Sari buah membasahi tenggorokan: kelelahan tertahankan.,1,4,clear_on_death
fruit_water,Sari buah,Banyak sari buah: kelelahan lebih tertahankan.,1,2,clear_on_death
thirsty,Haus,Tenggorokan kering: kelelahan berat menumpuk.,1,2,"clear_on_death,clear_on_levelup"
warm_up,Api unggun,"Kering dan hangat: di dingin lelah tertahankan, di panas menumpuk.",1,4,"clear_on_death,clear_on_move"
observe_death,Menyaksikan kematian,Menyaksikan kematian: kelelahan menumpuk.,1,1,"clear_on_death,clear_on_levelup"
encouraged,Disemangati,Disemangati: kelelahan tertahankan.,1,1,"clear_on_death,clear_on_levelup"
do_not_encourage,Tidak bisa menyemangati,Bisa menyemangati lagi nanti.,1,0,
taste_good,Enak,Enak: kelelahan tertahankan.,1,1,clear_on_death
taste_very_good,Rasa surgawi,Sangat enak: hampir tak merasa lelah.,1,1,clear_on_death
taste_bad,Tidak enak,Tidak enak: kelelahan menumpuk.,1,1,clear_on_death
taste_very_bad,Rasa terburuk,Sangat tidak enak: kelelahan cepat menumpuk.,1,1,clear_on_death
excited,Bersemangat,Bersemangat: kelelahan tertahankan.,1,1,"clear_on_death,clear_on_levelup"
effect_fresh,Kafein,Aroma segar: pemakaian energi turun.,1,1,clear_on_death
newbie_shield_cheat,(Cheat) Aroma modern,Hewan menghindari bau asing.,1,0,
rest_cheat,(Cheat) Istirahat,Istirahat: lelah cepat pulih.,1,1,"clear_on_death,clear_on_move"
rest,Istirahat,Istirahat: lelah pulih.,9,3,"clear_on_death,clear_on_move"
rest_ancora,Istirahat,Istirahat: lelah pulih.,100,1,"clear_on_death,clear_on_move"
rest_s02_bed,Istirahat alas lumut,Istirahat di tempat layak: kelelahan luluh.,100,3,"clear_on_death,clear_on_move"
rest_s02_shelter_01,Istirahat gubuk lumut,Istirahat di tempat layak: kelelahan luluh.,100,3,"clear_on_death,clear_on_move"
rest_cash,Istirahat,Istirahat di tempat layak: kelelahan luluh.,100,3,"clear_on_death,clear_on_move"
pool_rest,Pakai kolam renang,Istirahat di kolam: jadi lapar.,59,1,"clear_on_death,clear_on_move"
rest_pool_minor,Pakai kolam renang,Istirahat di kolam: jadi lapar.,60,1,"clear_on_death,clear_on_move"
rest_pool,Pakai kolam renang,Istirahat di kolam: jadi lapar.,60,1,"clear_on_death,clear_on_move"
rest_spa_minor,Pakai pemandian terbuka,Istirahat di pemandian terbuka: jadi lapar.,60,1,"clear_on_death,clear_on_move"
rest_spa,Pakai pemandian terbuka,Istirahat di pemandian terbuka: jadi lapar.,60,1,"clear_on_death,clear_on_move"
rest_bm_fatigue,Istirahat kuat,Istirahat kuat: kelelahan turun cepat.,60,1,"clear_on_death,clear_on_move"
rest_mount,Istirahat,Istirahat: lelah pulih.,60,3,clear_on_unmount
inside,Di dalam rumah,Di dalam ruangan: efek lingkungan berkurang.,1,7,
pleasant_fragrance,Aroma menyenangkan,"Aroma menyenangkan: kebal lelah akibat iklim. Catatan: tidak berlaku untuk lelah lingkungan tak stabil (indeks II+, lv60+).",1,11,
under_roof,Naungan,Di bawah naungan: terhindar dari panas.,1,3,
satiety_high,Kenyang,Kenyang: tidak bisa makan lagi.,1,0,"clear_on_death,clear_on_levelup"
fatigue_caution,Lelah,Butuh istirahat: jika terus kerja tak bisa bergerak.,10,2,clear_on_levelup
fatigue_danger,Kelelahan berat,Kelelahan berat: pulih hingga tahap lelah dulu agar bisa aktif.,10,3,clear_on_levelup
poisoning,Keracunan,Keracunan: kesehatan turun.,30,1,"clear_on_death,clear_on_levelup"
energetic,Vitalitas,Bersemangat: pemakaian energi turun.,2,1,clear_on_death
dejected,Frustasi,Frustasi: pemakaian energi naik.,1,1,clear_on_death
food_power,Energi makanan,Stat naik sesuai jenis makanan.,1,0,clear_on_death
food_ability,Peningkatan stat,Makan: kemampuan naik.,1,0,clear_on_death
food_survival,Peningkatan survival,Makan: survival naik.,1,0,clear_on_death
away_from_keyboard,AFK,Sedang AFK.,1,0,clear_on_connect
raw_food,Sakit perut,Salah makan mentah: kelelahan menumpuk.,1,1,"clear_on_death,clear_on_levelup"
hot_food,Makanan hangat,Makan hangat: dingin tertahankan.,5,4,"clear_on_death,clear_on_levelup"
cold_food,Makanan dingin,Makan dingin: panas tertahankan.,5,4,"clear_on_death,clear_on_levelup"
life_up,Regen HP naik,Efek makanan/obat: regen HP lebih cepat.,10,1,clear_on_death
health_up,Regen kesehatan naik,Efek makanan/obat: kesehatan pulih perlahan.,10,1,clear_on_death
stamina_up,Regen stamina naik,Efek makanan/obat: regen stamina lebih cepat.,10,1,clear_on_death
stance_attack_se,Efek sikap serang,,5,1,"clear_on_death,clear_on_battle,clear_on_connect,clear_on_policy"
stance_defense_se,Efek sikap bertahan,,5,1,"clear_on_death,clear_on_battle,clear_on_connect,clear_on_policy"
stance_counter_se,Efek sikap serang balik,,5,1,"clear_on_death,clear_on_battle,clear_on_connect,clear_on_policy"
stance_fierce_se,Efek sikap gempur,,5,1,"clear_on_death,clear_on_battle,clear_on_connect,clear_on_policy"
stance_charge_se,Efek sikap menyerbu,,5,1,"clear_on_death,clear_on_battle,clear_on_connect,clear_on_policy"
stance_shooting_se,Efek sikap menembak,,5,1,"clear_on_death,clear_on_battle,clear_on_connect,clear_on_policy"
stance_sniping_se,Efek sikap sniper,,5,2,"clear_on_death,clear_on_battle,clear_on_connect,clear_on_policy"
head_injury,Cedera kepala,Kepala cedera.,1,1,clear_on_death
body_injury,Cedera badan,Badan cedera.,1,1,clear_on_death
leg_injury,Cedera kaki,Kaki cedera.,1,1,clear_on_death
tail_injury,Cedera ekor,Ekor cedera.,1,1,clear_on_death
head_injury_raptor,Gigi rusak,Gigi rusak: damage turun.,1,1,clear_on_death
head_injury_direwolf,Gigi rusak,Gigi rusak: damage turun.,1,1,clear_on_death
head_injury_stego,Gegar otak,Linglung: akurasi turun.,1,1,clear_on_death
head_injury_tricera,Tanduk rusak,Tanduk rusak: damage turun.,1,1,clear_on_death
head_injury_brachio,Gegar otak,Linglung: akurasi turun.,1,1,clear_on_death
body_injury_default,Organ rusak,Organ rusak: regen HP melambat.,6,1,clear_on_death
leg_injury_raptor,Gerak melambat,Kaki cedera: sulit menghindari serangan.,1,1,clear_on_death
leg_injury_direwolf,Gerak melambat,Kaki cedera: sulit menghindari serangan.,1,1,clear_on_death
leg_injury_stego,Gerak melambat,Kaki cedera: sulit menghindari serangan.,1,1,clear_on_death
leg_injury_tricera,Gerak melambat,Kaki cedera: sulit menghindari serangan.,1,1,clear_on_death
leg_injury_brachio,Gerak melambat,Kaki cedera: sulit menghindari serangan.,1,1,clear_on_death
tail_injury_raptor,Kehilangan keseimbangan,Kehilangan keseimbangan: akurasi turun.,1,1,clear_on_death
tail_injury_direwolf,Kehilangan keseimbangan,Kehilangan keseimbangan: akurasi turun.,1,1,clear_on_death
tail_injury_stego,Otot ekor rusak,Otot ekor rusak: damage turun.,1,1,clear_on_death
tail_injury_tricera,Kehilangan keseimbangan,Kehilangan keseimbangan: akurasi turun.,1,1,clear_on_death
tail_injury_brachio,Otot ekor rusak,Otot ekor rusak: damage turun.,1,1,clear_on_death
death_penalty,Pusing,Mual dan pusing: akurasi sedikit turun.,1,1,clear_on_death
death_count,Efek samping revive,Makin sering mati: kesehatan revive makin kecil.,1,0,
death_aftereffect_revive_immediately,Efek samping revive instan,"Kesehatan revive turun, tapi hewan menghindari bau asing sementara.",1,0,clear_on_death
clan_gathering_plant,Riset kumpul tumbuhan,Riset suku: kumpul tumbuhan naik.,1,1,
clan_gathering_mine,Riset kumpul mineral,Riset suku: kumpul mineral naik.,1,1,
clan_gathering_animal,Riset butcher hewan,Riset suku: butcher hewan naik.,1,1,
clan_craft_tool,Riset buat alat,Riset suku: buat alat naik.,1,3,
clan_craft_clothes,Riset buat pakaian,Riset suku: buat pakaian naik.,1,2,
clan_craft_cook,Riset masak,Riset suku: masak naik.,1,1,
clan_craft_construction,Riset bangun,Riset suku: kemampuan bangun naik.,1,3,
clan_adventure_survival,Riset survival,Riset suku: survival naik.,1,6,
clan_adventure_ecology,Riset ekologi,Riset suku: kemampuan ekologi naik.,1,2,
clan_combat_attack,Riset serangan,Riset suku: serangan naik.,1,2,
clan_combat_defense,Riset pertahanan,Riset suku: pertahanan naik.,1,2,
clan_combat_recovery,Riset pemulihan,Riset suku: pemulihan naik.,1,2,
test_exp_bonus,EXP naik,Status untuk uji internal.,10,1,
test_tstone_bonus,Tstone naik,Status untuk uji internal.,10,1,
test_reduce_sail_cost,Biaya layar turun,Status untuk uji internal.,1,1,
test_reduce_warp_cost,Biaya warp turun,Status untuk uji internal.,1,1,
clan_prevent_item_drop,Cegah barang hilang,Mati: kehilangan barang lebih sedikit (efek turun seiring level).,1,1,
clan_growth_buff,Bonus suku,EXP suku terkumpul: efisiensi jelajah naik.,1,1,
login_shield,Perlindungan,Sementara kebal dari target pemain lain.,1,0,"clear_on_move,clear_on_teleport,clear_on_interaction"
camp_fire,Nyaman,Di camp: kurang lelah.,1,11,clear_on_death
poison_poo,Racun kotoran,Kotoran di tangan sebabkan ruam: kelelahan naik.,19,1,clear_on_death
bleeding_neverstop,Pendarahan aneh,Darah tak berhenti: kesehatan turun terus.,61,1,clear_on_death
dirty_saliva,Penuh air liur,Penuh air liur: kelelahan naik.,61,1,clear_on_death
tetanus,Tetanus,Tergores cakar kotor: energi turun terus.,61,1,clear_on_death
bleeding_inner,Pendarahan dalam,Terluka dalam: HP turun terus.,61,1,clear_on_death
poison_gas,Bau busuk,Kena gas bau: akurasi dan sembunyi turun.,61,2,clear_on_death
poison_plant_moving,Racun tumbuhan karnivora,Tersentuh batang beracun: kesehatan maks turun.,61,1,clear_on_death
poison_lizard,Racun kadal,Kena racun kadal: kesehatan maks turun.,61,1,clear_on_death
poison_bug_bee,Sengatan lebah,Disengat lebah: peluang kritikal turun.,61,1,clear_on_death
poison_bug_sticky,Gigitan serangga,Digigit serangga: akurasi turun.,61,1,clear_on_death
poison_poison_sac,Keracunan kantung racun,Ruam saat kumpul kantung racun: kelelahan naik.,61,1,clear_on_death
poison_heat,Racun panas,Kena racun panas saat kumpul tropis: kesehatan turun.,61,1,clear_on_death
immune_collect,Cegah ruam,Imun ruam hingga obat habis: cegah racun kotoran/kantung.,61,1,clear_on_death
immune_bleeding_neverstop,Cegah pendarahan aneh,Cegah pendarahan aneh hingga obat habis.,61,1,clear_on_death
immune_tetanus,Cegah tetanus,Cegah tetanus hingga obat habis.,61,1,clear_on_death
immune_bleeding_inner,Cegah pendarahan dalam,Cegah pendarahan dalam hingga obat habis.,61,1,clear_on_death
immune_gas,Cegah gas beracun,Imun gas beracun hingga obat habis.,61,1,clear_on_death
immune_plant_moving,Cegah racun tumbuhan,Imun racun tumbuhan hingga obat habis.,61,1,clear_on_death
immune_lizard,Cegah racun kadal,Imun racun kadal hingga obat habis.,61,1,clear_on_death
immune_bug,Cegah racun serangga,Imun racun lebah/serangga hingga obat habis.,61,1,clear_on_death
cure_poison_collect,Obati ruam,Racun kotoran dan kantung racun dinetralkan.,1,0,clear_on_death
cure_bleeding_neverstop,Netralkan racun darah,Racun darah pulih.,1,0,clear_on_death
cure_tetanus,Obati tetanus,Tetanus sembuh.,1,0,clear_on_death
cure_bleeding_inner,Obati pendarahan dalam,Pendarahan dalam pulih.,1,0,clear_on_death
cure_poison_gas,Netralkan gas beracun,Gas beracun dinetralkan.,1,0,clear_on_death
cure_poison_plant_moving,Netralkan racun tumbuhan,Racun tumbuhan karnivora dinetralkan.,1,0,clear_on_death
cure_poison_lizard,Netralkan racun kadal,Racun kadal dinetralkan.,1,0,clear_on_death
cure_poison_bug,Netralkan racun serangga,Bisa menetralkan racun lebah dan serangga.,1,0,clear_on_death
cure_poison_heat,Obati & cegah racun panas,Obati dan cegah racun panas.,1,1,clear_on_death
cure_bleeding,Efek pereda nyeri,Pereda nyeri: lupa sakit pendarahan.,1,0,clear_on_death
effect_coffee_drip,Efek kopi,"Kopi: frustasi hilang, lelah pulih.",60,1,clear_on_death
effect_coffee_dutch,Efek kopi,"Kopi: frustasi hilang, lelah pulih.",60,1,clear_on_death
vitalize,Bangkit,Efek bangkit: bisa beraktivitas lebih lama.,1,1,clear_on_death
effect_cactus_juice,Efek kaktus,Jus kaktus: tidak terlalu lelah.,60,2,clear_on_death
delight_of_discovery,Sukacita penemuan,Menemukan titik penting: lupa lelah.,60,1,clear_on_death
30days_package,Paket bulanan,Tiap hari via pos: ayam dan warp gem.,1,1,
7days_package,Paket 7 hari,Berlangsung 7 hari,1,1,
15days_package,Paket 15 hari,Berlangsung 15 hari,1,1,
welcome_package,Paket level cepat,Berlaku hingga karakter/lineage lv60.,1,2,valid_until_skill_60
selfimprovement_package,Pengembangan diri,,1,2,
exp_1.2_event,Event EXP & skill 20%,,1,2,
exp_1.5_event,Event EXP & skill 50%,,1,2,
exp_2_event,Event EXP & skill 100%,,1,2,
skill_exp_1.2_event,Event skill 20%,,1,1,
skill_exp_1.5_event,Event skill 50%,,1,1,
skill_exp_2_event,Event skill 100%,,1,1,
advanced_taming_research,Riset jinakkan lanjut,Bisa menjinakkan lebih banyak jenis hewan.,1,6,
advanced_battle_research,Riset tempur lanjut,Kemampuan tempur naik.,1,6,
advanced_gathering_research,Riset kumpul lanjut,Peluang atribut laten/langka saat kumpul naik.,1,1,
life_incr,Hentikan darah,Darah berhenti: HP naik.,10,1,
life_decr,Pendarahan,Berdarah: HP turun.,10,1,
health_incr,Regenerasi,Luka pulih: kesehatan naik.,10,1,
health_decr,Luka dalam,Luka dalam: kesehatan turun.,10,1,
stamina_incr,Terharu,Hal baik terjadi: stamina naik.,10,1,
stamina_decr,Kecewa,Kecewa: stamina turun.,10,1,
energy_incr,Semangat,Penuh semangat: energi naik.,10,1,
energy_decr,Putus asa,Putus asa: energi turun.,10,1,
hit_rate_incr,Fokus,Fokus: akurasi naik.,10,1,
hit_rate_decr,Tidak fokus,Tak bisa fokus: akurasi turun.,10,1,
sadism,Sadisme,HP naik.,10,1,
animal_rage,Amarah,Amarah: serangan menguat.,60,1,
animal_exhausted,Lelah,Lelah: sulit menghindar.,60,1,
life_allo_phase01,Allosaurus bersemangat,Allosaurus bersemangat: HP pulih sedikit lebih banyak.,1,1,
life_allo_phase02,Allosaurus mengamuk,Allosaurus mengamuk: HP pulih cepat.,1,1,
exertion_headache,Sakit kepala olahraga,Kepala berdenyut: berbahaya mencoba pulih lebih jauh.,1,0,
test_selfimprovement_package,Efek pengembangan diri uji,"Waktu riset skill -20%, perolehan tstone +5%.",1,2,
attention,Terprovokasi,Terprovokasi: tak bisa ganti target.,60,0,"clear_on_death,clear_on_connect,clear_on_battle"
survival_exp_1.5_event,Event skill survival 50%,,1,1,
survival_exp_2_event,Event skill survival 100%,,1,1,
survival_exp_3_event,Event skill survival 200%,,1,1,
survival_exp_4_event,Event skill survival 300%,,1,1,
melee_exp_1.5_event,Event skill melee 50%,,1,1,
melee_exp_2_event,Event skill melee 100%,,1,1,
melee_exp_3_event,Event skill melee 200%,,1,1,
melee_exp_4_event,Event skill melee 300%,,1,1,
ranged_exp_1.5_event,Event skill panah 50%,,1,1,
ranged_exp_2_event,Event skill panah 100%,,1,1,
ranged_exp_3_event,Event skill panah 200%,,1,1,
ranged_exp_4_event,Event skill panah 300%,,1,1,
defense_exp_1.5_event,Event skill bertahan 50%,,1,1,
defense_exp_2_event,Event skill bertahan 100%,,1,1,
defense_exp_3_event,Event skill bertahan 200%,,1,1,
defense_exp_4_event,Event skill bertahan 300%,,1,1,
butchery_exp_1.5_event,Event skill butcher 50%,,1,1,
butchery_exp_2_event,Event skill butcher 100%,,1,1,
butchery_exp_3_event,Event skill butcher 200%,,1,1,
butchery_exp_4_event,Event skill butcher 300%,,1,1,
gathering_exp_1.5_event,Event skill kumpul 50%,,1,1,
gathering_exp_2_event,Event skill kumpul 100%,,1,1,
gathering_exp_3_event,Event skill kumpul 200%,,1,1,
gathering_exp_4_event,Event skill kumpul 300%,,1,1,
cooking_exp_1.5_event,Event skill masak 50%,,1,1,
cooking_exp_2_event,Event skill masak 100%,,1,1,
cooking_exp_3_event,Event skill masak 200%,,1,1,
cooking_exp_4_event,Event skill masak 300%,,1,1,
weaponcrafting_exp_1.5_event,Event skill senjata/alat 50%,,1,1,
weaponcrafting_exp_2_event,Event skill senjata/alat 100%,,1,1,
weaponcrafting_exp_3_event,Event skill senjata/alat 200%,,1,1,
weaponcrafting_exp_4_event,Event skill senjata/alat 300%,,1,1,
armorcrafting_exp_1.5_event,Event skill pakaian 50%,,1,1,
armorcrafting_exp_2_event,Event skill pakaian 100%,,1,1,
armorcrafting_exp_3_event,Event skill pakaian 200%,,1,1,
armorcrafting_exp_4_event,Event skill pakaian 300%,,1,1,
constructing_exp_1.5_event,Event skill bangun 50%,,1,1,
constructing_exp_2_event,Event skill bangun 100%,,1,1,
constructing_exp_3_event,Event skill bangun 200%,,1,1,
constructing_exp_4_event,Event skill bangun 300%,,1,1,
farming_exp_1.5_event,Event skill tani 50%,,1,1,
farming_exp_2_event,Event skill tani 100%,,1,1,
farming_exp_3_event,Event skill tani 200%,,1,1,
farming_exp_4_event,Event skill tani 300%,,1,1,
process_exp_1.5_event,Event skill olah 50%,,1,1,
process_exp_2_event,Event skill olah 100%,,1,1,
process_exp_3_event,Event skill olah 200%,,1,1,
process_exp_4_event,Event skill olah 300%,,1,1,
weaponcraft_plus_01_event,Event buat senjata naik,Kemampuan buat senjata naik.,1,1,
armorcraft_plus_01_event,Event buat pakaian naik,Kemampuan buat pakaian naik.,1,1,
tailor_plus_01_event,Event jahit naik,Kemampuan jahit naik.,1,1,
handicraft_plus_01_event,Event kerajinan naik,Kemampuan kerajinan naik.,1,1,
smith_plus_01_event,Event olah logam naik,Kemampuan olah logam naik.,1,1,
construction_plus_01_event,Event bangun naik,Kemampuan bangun naik.,1,1,
furnishing_plus_01_event,Event buat furnitur naik,Kemampuan membuat furnitur naik.,1,1,
cook_plus_01_event,Event masak naik,Kemampuan masak naik.,1,1,
farming_plus_01_event,Event tani naik,Kemampuan tani naik.,1,1,
gathering_plus_01_event,Event kumpul tumbuhan naik,Kemampuan kumpul tumbuhan naik.,1,1,
mining_plus_01_event,Event tambang naik,Kemampuan tambang naik.,1,1,
butchering_plus_01_event,Event butcher naik,Kemampuan butcher naik.,1,1,
returner,Perintis kembali,,60,1,
nausea,Mual,Mual karena kelelahan pulau minyak. Turunkan kelelahan hingga batas tertentu.,1,1,clear_on_death
headache,Linglung,Linglung karena iklim pulau minyak. Turunkan kelelahan hingga batas tertentu.,1,2,clear_on_death
mental_confusion,Linglung,Linglung karena iklim pulau minyak. Turunkan kelelahan hingga batas tertentu.,1,4,clear_on_death
s02_inside,Efek shelter kabut,Ruangan anti iklim pulau minyak: mengurangi efek kabut minyak.,1,2,
s02_inside_02,Efek shelter kabut cerobong,Ruangan anti iklim pulau minyak: sangat mengurangi efek kabut minyak.,1,2,
poison_oil,Racun minyak,Kena racun minyak saat kumpul: kesehatan sedikit turun. Pakaian tepat mengurangi peluang.,1,1,clear_on_death
s02_longlife,Efek makanan stabil,Makanan stabil: regen HP dan kelelahan naik.,10,1,4
cure_poison_oil,Netralkan racun minyak,Racun minyak dinetralkan.,1,0,clear_on_death
immune_poison_oil,Imun racun minyak,Imun damage racun minyak selama durasi.,20,1,clear_on_death
s02_energetic,Vitalitas,Bersemangat: kelelahan sedikit turun.,1,1,clear_on_death
pet_master_charming,Kelucuan meledak,Melihat tingkah lucu: kelelahan turun.,10,1,clear_on_death
pet_exp_1.2,EXP hewan +20%,EXP hewan pendamping +20% (tidak tumpuk dengan event EXP karakter).,1,1,
pet_exp_1.5,EXP hewan +50%,EXP hewan pendamping +50% (tidak tumpuk dengan event EXP karakter).,1,1,
pet_exp_2,EXP hewan +100%,EXP hewan pendamping +100% (tidaktumpuk dengan event EXP karakter).,1,1,
pet_life_incr,HP pet naik,Darah berhenti: HP naik.,10,1,
pet_exp_1.2_event,EXP hewan +20%,EXP hewan pendamping +20% (tidak tumpuk dengan event EXP karakter).,1,1,
pet_exp_1.5_event,EXP hewan +50%,EXP hewan pendamping +50% (tidak tumpuk dengan event EXP karakter).,1,1,
pet_exp_2_event,EXP hewan +100%,EXP hewan pendamping +100% (tidaktumpuk dengan event EXP karakter).,1,1,
pet_speed_amplifier,Kecepatan hewan amplified,Kecepatan hewan amplified.,10,1,
pet_speed_plus,Kecepatan hewan naik,Kecepatan hewan naik.,10,1,
pet_bag_amplifier,Kapasitas tas hewan amplified,Kapasitas tas hewan amplified.,10,1,
pet_bag_plus,Kapasitas tas hewan naik,Kapasitas tas hewan naik.,10,1,
pet_attack_amplifier,Serangan hewan amplified,Serangan hewan amplified.,10,1,
pet_attack_plus,Serangan hewan naik,Serangan hewan naik.,10,1,
pet_defense_amplifier,Pertahanan hewan amplified,Pertahanan hewan amplified.,10,1,
pet_defense_plus,Pertahanan hewan naik,Serangan hewan naik.,10,1,
pet_cooltime_ratio,Cooldown hewan turun,Cooldown hewan turun: menyerang lebih cepat.,10,1,
pet_life_max_amplifier,HP maks hewan amplified,HP maks hewan amplified.,10,1,
pet_life_max_plus,HP maks hewan naik,HP maks hewan naik.,10,1,
pet_life_regen_amplifier,Regen hewan amplified,Regen HP hewan per jam amplified.,10,1,
pet_life_regen_plus,Regen hewan naik,Regen HP hewan per jam naik.,10,1,
pet_accuracy_amplifier,Akurasi hewan amplified,Akurasi hewan saat menyerang amplified.,10,1,
pet_accuracy_plus,Akurasi hewan naik,Akurasi hewan saat menyerang naik.,10,1,
clean_pet,Dijilat hewan,"Dijilat hewan: bersih, panas dan lelah tertahankan.",10,1,clear_on_death
clean_pet_02,Cuci muka air laut,"Hewan menyiram air laut: bersih, panas dan lelah tertahankan.",10,1,clear_on_death
life_up_pet,Dukungan medis,Dukungan hewan: HP pulih perlahan.,10,1,clear_on_death
stamina_up_pet,Dukungan belakang,Dukungan hewan: stamina regen lebih cepat.,10,1,clear_on_death
pet_vitality_ratio,Vitalitas hewan awet,Penurunan vitalitas hewan melambat.,10,1,
excited_pet,Keramahan,Hewan bersikap ramah: kelelahan tertahankan.,10,1,clear_on_death
energetic_pet,Gotong royong,Bantuan hewan: pemakaian energi turun.,10,1,clear_on_death
mood_bubbly,Suasana lucu,Energi maks naik.,30,0,"clear_on_lookaround,clear_on_death"
mood_horrible,Suasana suram,Jarak serang duluan hewan turun.,30,0,"clear_on_lookaround,clear_on_death"
mood_luxurious,Suasana mewah,Makan masakan: durasi kenyang turun.,30,0,"clear_on_lookaround,clear_on_death,clear_on_leave_room"
energy_regen_by_food,Regen energi,Makan: energi regen terus.,1,0,clear_on_death
set_bedroom,Efek set kamar,Efek dari susunan set.,60,0,"clear_on_death,clear_on_leave_room"
set_kitchen,Efek set dapur,Efek dari susunan set.,60,0,"clear_on_death,clear_on_leave_room"
set_drawingroom,Efek set ruang tamu,Efek dari susunan set.,60,0,"clear_on_death,clear_on_leave_room"
set_dressroom,Efek set ruang pakaian,Efek dari susunan set.,60,0,"clear_on_death,clear_on_leave_room"
search_poi,Efek samping eksplorasi,Setelah eksplorasi: energi turun.,60,1,clear_on_death
fatigue_warning,Lelah,Lelah dan lapar menumpuk.,10,1,clear_on_levelup
fatigue_notice,Payah,Payah hingga lapar.,10,1,clear_on_levelup
living_tech_butchering,Riset butcher,Kemampuan butcher naik.,3,1,
living_tech_armorcraft,Riset pakaian,Kemampuan buat pakaian naik.,3,1,
living_tech_tailor,Riset jahit,Kemampuan jahit naik.,3,1,
living_tech_cook,Riset masak,Kemampuan masak naik.,3,1,
living_tech_dodge,Riset hindar,Kemampuan hindar naik.,1,1,
living_tech_energy,Riset energi,Energi maks naik.,1,1,
living_tech_hiding,Riset sembunyi,Kemampuan sembunyi naik.,1,1,
light_tech_gathering,Riset kumpul tumbuhan,Kemampuan kumpul tumbuhan naik.,3,1,
light_tech_farming,Riset tani,Kemampuan tani naik.,3,1,
light_tech_handicraft,Riset kerajinan,Kemampuan kerajinan naik.,3,1,
light_tech_furnishing,Riset furnitur,Kemampuan membuat furnitur naik.,3,1,
light_tech_attack,Riset serangan,Serangan naik.,1,1,
light_tech_accuracy,Riset akurasi,Akurasi tempur naik.,1,1,
heavy_tech_disassembling,Riset bongkar,Kemampuan bongkar naik.,3,1,
heavy_tech_mining,Riset tambang,Kemampuan tambang naik.,3,1,
heavy_tech_weaponcraft,Riset senjata,Kemampuan buat senjata naik.,3,1,
heavy_tech_smith,Riset logam,Kemampuan olah logam naik.,3,1,
heavy_tech_construction,Riset bangun,Kemampuan bangun naik.,3,1,
heavy_tech_attack_rating,Riset tembus armor,Tembus armor naik.,1,1,
heavy_tech_critical,Riset kritikal,Kritikal tempur naik.,4,1,
temporary_fortune_craft,Keberuntungan sekali: craft,Peluang sukses besar craft berikutnya naik.,1,1,clear_on_craft
temporary_concentration_craft,Konsentrasi sekali: craft,"Tingkat sukses craft berikutnya naik, bisa melampaui 99%.",1,1,clear_on_craft
rainy_fortune_collect,Hoki hujan: kumpul,Hari hujan: peluang sukses besar kumpul naik.,1,1,
rainy_fortune_craft,Hoki hujan: craft,Hari hujan: peluang sukses besar craft naik.,1,1,
stable_immersion_collect,Fokus stabil: kumpul,Waktu kumpul di pulau pribadi/kota lebih singkat.,1,1,
stable_immersion_craft,Fokus stabil: craft,Waktu craft di pulau pribadi/kota lebih singkat.,1,1,
sadism_minor,Sadisme kecil,HP sedikit naik.,10,1,
eat_bizarre_food,Makanan aneh,"Kalau ini saja dimakan, apa yang tidak bisa.",1,1,clear_on_death
mood_classroom01,Suasana kelas,Belajar: waktu riset skill turun.,1,0,
mood_classroom02,Suasana rajin belajar,Suasana rajin: waktu riset skill turun.,1,0,
mood_springtime,Suasana musim semi,Aura musim semi: rasanya hal baik akan terjadi.,30,0,
energy_regen_by_trampoline_01,Semangat meledak!,Kesenangan besar: energi meledak.,1,1,"clear_on_death,clear_on_move"
energy_regen_by_rocking_horse_01,Jiwa anak-anak,Nostalgia masa kecil: hati dan tubuh pulih.,1,2,"clear_on_death,clear_on_move"
test_skill_package,Paket skill,Berlaku hingga karakter/lineage lv55.,1,3,valid_until_skill_55
welcome_package_55lv,Paket cepat lv55,Hingga lv55. Riset skill instan selesai!,1,3,valid_until_skill_55
premium_support_package,Paket dukungan lanjut,"Waktu craft/kumpul/bangun/tani turun, sukses naik! Bonus harian: buka peta, revive instan, batal belajar skill.",1,3,
warp_rush_reward_increase_50,Hadiah warp rush +50%,Warp rush: semua stone +50% (total 150%).,1,1,
warp_rush_reward_increase_100,Hadiah warp rush +100%,Warp rush: semua stone +100% (total 200%).,1,1,
warp_rush_reward_increase_200,Hadiah warp rush +200%,Warp rush: semua stone +200% (total 300%).,1,1,
artifact_reaction_heat_resistant,Pakai bangunan,Pakai bangunan: resistensi iklim naik.,1,3,
random_number_piece_package,Paket pecahan acak,Dapat 30 pecahan acak tiap hari.,1,0,
effect_jasmine,Aroma melati,Aroma melati: pemakaian energi turun.,2,1,clear_on_death
life_health_up_pet,Festival mulai!,Dukungan meriah: HP dan kesehatan pulih.,10,2,clear_on_death
drunk,Segar,Minuman segar: kelelahan tertahankan!,1,2,clear_on_death
artifact_reaction_great_success_plus,Pakai bangunan,Pakai bangunan: peluang sukses besar craft naik.,1,1,
master_attack_up_pet,Lebih keras!,Dukungan Compy badut: serangan naik.,3,1,clear_on_death
unlimited_pet_vigor,Vitalitas tak terbatas,Vitalitas hewan tidak berkurang.,30,1,exclusive_unlimited_pet_vigor
unlimited_pet_vigor_1d,Vitalitas tak terbatas,Vitalitas hewan tidak berkurang.,1,1,exclusive_unlimited_pet_vigor
tea_effect_01,Peningkatan stat,Makan: kemampuan naik.,70,1,
tea_effect_02,Peningkatan stat,Makan: kemampuan naik.,70,1,
unlimited_pet_vigor_3d,Vitalitas tak terbatas,Vitalitas hewan tidak berkurang.,1,1,exclusive_unlimited_pet_vigor
event_reduce_warp_cost,Biaya warp turun,Biaya pindah warp hole turun.,1,1,
clean_volcanic_lake_01,Berendam: regen kesehatan,"Onsen: luka cepat sembuh, kesehatan regen terus.",10,1,"clear_on_death,clear_on_connect"
clean_volcanic_lake_02,Berendam: serangan naik,"Onsen: bertenaga, serangan naik.",10,1,"clear_on_death,clear_on_connect"
wet_volcanic_lake,Basah onsen,Berendam onsen: aman dari badai vulkanik.,10,2,"clear_on_death,clear_on_connect"
volcanic_storm_sign,Pertanda,Stamina turun terus: badai vulkanik segera datang.,10,1,"clear_on_death,clear_on_connect"
volcanic_storm,Badai vulkanik,Kesehatan turun terus. Masuk onsen atau pakai baju tambang badai vulkanik.,10,1,"clear_on_death,clear_on_connect"
lava,Kena lava,Kena lava: HP turun besar.,10,1,clear_on_death
burn,Luka bakar,Luka bakar: kesehatan turun terus. Masuk ke air terdekat.,10,1,clear_on_death
immune_lava,Imun lava,Imun damage lava.,1,1,clear_on_death
immune_volcanic_storm,Imun badai vulkanik,Imun damage badai vulkanik.,1,1,clear_on_unequipped
mood_fiery,Suasana panas,Serangan naik.,30,0,"clear_on_lookaround,clear_on_death"
iguana_great_success_craft,Tangan berkilau,Peluang sukses besar craft naik.,10,1,
tyrano_shout,Raungan Tyranno,Raungan Tyranno: gendang telinga rusak parah.,10,1,clear_on_death
immune_tyrano_shout,Pelindung gendang telinga,Tak dengar raungan Tyranno.,10,1,clear_on_unequipped
iguana_fire_dung,Percikan api,Kena percikan Iguana: damage turun.,10,1,"clear_on_death,clear_on_connect"
immune_iguana_fire_dung,Cegah percikan api,Imun serangan percikan Iguana bintik api.,10,1,clear_on_unequipped
tyrano_bruise,Memar,Kena sundulan Tyranno: memar.,10,1,clear_on_death
tyrano_rage_01,Tyrannosaurus bersemangat,Tyrannosaurus bersemangat: serangan lebih kuat.,1,2,clear_on_death
tyrano_rage_02,Tyrannosaurus mengamuk,Tyrannosaurus mengamuk: serangan sangat kuat.,1,2,clear_on_death
tyrano_rage_03,Tyrannosaurus murka,Tyrannosaurus murka: serangan tak tertahankan.,1,2,clear_on_death
hadro_cheer_up,Dukungan tempur,Kemampuan tempur naik.,10,6,clear_on_death
immune_burn,Imun luka bakar,Imun damage luka bakar.,10,1,clear_on_unmount
artifact_reaction_volcanic_heat_resistant,Pakai sauna,Efek rendam dingin: lebih tahan panas vulkanik.,1,1,
food_energy_incr,Regen energi terus,Penuh nutrisi: energi naik terus.,10,1,clear_on_death
event_statue_aura,Aura patung,,1,2,
rest_sauna_01,Pakai sauna,Istirahat di tempat layak: kelelahan luluh.,60,2,"clear_on_death,clear_on_move"
immune_lava_2,Imun lava,Imun damage lava.,1,1,clear_on_unequipped
food_max_health_energy_incr,Manis bertenaga,Makanan lezat: kesehatan maks dan energi maks naik.,60,2,clear_on_death
food_fatigue_decr,Minuman dingin,Minuman dingin: kelelahan pulih.,60,1,clear_on_death
engagement_reward,Cek fokus bermain,"Kesehatan maks +150, energi maks +50.",1,2,
pvp_fog,Kabut,"Kabut menutup pandangan: tak bisa masuk mode tempur, bisa ganti alat/makan.",1,0,clear_on_death
pvp_rain,Hujan,"Kabut hilang: masuk mode tempur, tak bisa keluar mode/pakai item.",1,0,clear_on_death
pvp_storm,Badai,Badai: kesehatan turun. Berlindung di shelter.,1,1,"clear_on_death,clear_on_connect,clear_on_inside_room"
pvp_hypothermy,Hipotermia,"Badai terlalu kuat, shelter tak membantu: kesehatan turun.",1,1,clear_on_death
pvp_shelter,Evakuasi,Berlindung di shelter: kesehatan tidak turun.,1,1,"clear_on_death,clear_on_connect"
climate_nervous,Gelisah,Badai kuat tak biasa: aura gelisah menyelimuti pulau.,1,0,clear_on_connect
climate_strange_phenomenon,Fenomena aneh,Spam warp: cuaca aneh berlanjut di Durango.,1,0,clear_on_connect
fruit_sandwich_effects,Sandwich buah,Makan: kemampuan naik.,1,9,clear_on_death
epic_lama_deodorant,Hilang bau,Hilangkan bau badan: hewan tak menyadari.,60,1,clear_on_teleport
