id,biome,jenis,peran,level,kawanan_total,kawah,elite,dapat_dijangkau,active,hewan_di_kawanan
op60tr170712,Tropis,Khusus,Koloni,60,100,0,,tidak,,"darat:100 (Kadal×10, Compsognathus bergaris×10, Pictaraptor×10, Raptor×10, Macrauchenia×10, Kentrosaurus×10)"
op60tr171228,Tropis,Khusus,Koloni,60,140,0,,tidak,,"darat:140 (Kadal×10, Compsognathus bergaris×7, Pictaraptor×7, Raptor×7, Macrauchenia×7, Kentrosaurus×7)"
op60tr180220,Tropis,Khusus,Koloni,60,140,0,,tidak,ya,"darat:140 (Kadal×10, Compsognathus bergaris×7, Pictaraptor×7, Raptor×7, Macrauchenia×7, Kentrosaurus×7)"
op60te170615,Sedang,Khusus,Koloni,60,110,0,,tidak,,"darat:110 (Dodophysis×10, Deinonychus×10, Direwolf×10, Megaloceros jantan×10, Pavomimus×10, Centrosaurus×10)"
op60te171228,Sedang,Khusus,Koloni,60,137,0,,tidak,,"darat:137 (Dodophysis×7, Deinonychus×7, Direwolf×7, Megaloceros jantan×7, Pavomimus×7, Centrosaurus×7)"
op60te180220,Sedang,Khusus,Koloni,60,137,0,,tidak,ya,"darat:137 (Dodophysis×7, Deinonychus×7, Direwolf×7, Megaloceros jantan×7, Pavomimus×7, Centrosaurus×7)"
op60tr170615,Tropis,Khusus,Koloni,60,100,0,,tidak,,"darat:100 (Kadal×10, Compsognathus bergaris×10, Pictaraptor×10, Raptor×10, Macrauchenia×10, Kentrosaurus×10)"
tr60te170613,Sedang,,Koloni,60,150,0,,tidak,,"danau dangkal:10 (Chasmosaurus×5, Protoceratops×5); danau dalam:10 (Megaloceros jantan×10); darat:110 (Oviraptor×10, Albirraptor×10, Pictaraptor×90); pantai:10 (Ankylosaurus×5, Euoplocephalus×5); laut:10 (Parasaurolophus×10)"
tr60te170511,Sedang,,Koloni,60,150,0,,tidak,,"danau dangkal:10 (Chasmosaurus×5, Protoceratops×5); danau dalam:10 (Megaloceros jantan×10); darat:110 (Oviraptor×10, Albirraptor×10, Pictaraptor×90); pantai:10 (Ankylosaurus×5, Euoplocephalus×5); laut:10 (Parasaurolophus×10)"
s30te161129,,,Koloni,,0,0,,tidak,,
s30gr161026,,,Koloni,,0,0,,tidak,,
pe10gr_1,Padang rumput,Pulau pribadi,Pulau pribadi,10,0,0,,ya,ya,
pe10gr_2,Padang rumput,Pulau pribadi,Pulau pribadi,10,0,0,,ya,ya,
pe10gr_3,Padang rumput,Pulau pribadi,Pulau pribadi,10,0,0,,ya,ya,
pe10gr_4,Padang rumput,Pulau pribadi,Pulau pribadi,10,0,0,,ya,ya,
pe10gr_5,Padang rumput,Pulau pribadi,Pulau pribadi,10,0,0,,ya,ya,
ri15sa171228,Savana,Pulau stabil,Pulau biasa,15,40,0,,tidak,ya,"darat:40 (Elephantulus×8, Kadal×8, Zebra-ceratops×8, Achenicus×16)"
ri20te171228,Sedang,Pulau stabil,Pulau biasa,20,44,0,,tidak,ya,"darat:38 (Compsognathus×8, Phenacodus×6, Macrauchenia×8, Protoceratops×8, Oviraptor×8); pantai:6 (Compsognathus badut×6)"
ri25tr180122,Tropis,Pulau stabil,Pulau biasa,25,40,0,,tidak,ya,"darat:34 (Compsognathus bergaris×6, Protoceratops merah muda×6, Pictaraptor×6, Saurolophus×8, Raptor×8); pantai:6 (Compsognathus badut×6)"
ri15sa190710,Savana,Pulau stabil,Pulau biasa,15,40,0,,ya,ya,"darat:40 (Elephantulus×8, Kadal×8, Zebra-ceratops×8, Achenicus×16)"
ri20te190710,Sedang,Pulau stabil,Pulau biasa,20,38,0,,ya,ya,"darat:38 (Compsognathus×8, Phenacodus×6, Macrauchenia×8, Protoceratops×8, Oviraptor×8)"
ri25tr190710,Tropis,Pulau stabil,Pulau biasa,25,34,0,,ya,ya,"darat:34 (Compsognathus bergaris×6, Protoceratops merah muda×6, Pictaraptor×6, Saurolophus×8, Raptor×8)"
ri30tu171228,Tundra,Pulau stabil,Pulau biasa,30,30,0,,ya,ya,"darat:30 (Dodophysis×6, Megaloceros jantan×6, Direwolf×6, Coelophysis×6, Centrosaurus×6)"
ri30tuSub01,Tundra,Pulau stabil,Pulau biasa,30,15,0,,ya,ya,"darat:15 (Dodophysis×3, Megaloceros jantan×3, Direwolf×3, Coelophysis×3, Centrosaurus×3)"
ri30tuSub02,Tundra,Pulau stabil,Pulau biasa,30,15,0,,ya,ya,"darat:15 (Dodophysis×3, Megaloceros jantan×3, Direwolf×3, Coelophysis×3, Centrosaurus×3)"
ri30tuSub03_camp,Tundra,Pulau stabil,Pulau biasa,30,15,0,,ya,ya,"darat:15 (Dodophysis×3, Megaloceros jantan×3, Direwolf×3, Coelophysis×3, Centrosaurus×3)"
ri35de171228,Gurun,Pulau stabil,Pulau biasa,35,40,0,,ya,ya,"darat:40 (Oviraptor×8, Kadal pasir×8, Gallimimus×8, Kentrosaurus×8, Utahraptor×8)"
ri35deSub01,Gurun,Pulau stabil,Pulau biasa,35,20,0,,ya,ya,"darat:20 (Oviraptor×4, Kadal pasir×4, Gallimimus×4, Kentrosaurus×4, Utahraptor×4)"
ri35deSub02,Gurun,Pulau stabil,Pulau biasa,35,20,0,,ya,ya,"darat:20 (Oviraptor×4, Kadal pasir×4, Gallimimus×4, Kentrosaurus×4, Utahraptor×4)"
ri35deSub03_car,Gurun,Pulau stabil,Pulau biasa,35,20,0,,ya,ya,"darat:20 (Oviraptor×4, Kadal pasir×4, Gallimimus×4, Kentrosaurus×4, Utahraptor×4)"
ri35te171228,Sedang,Pulau stabil,Pulau biasa,35,54,0,,ya,ya,"darat:48 (Compsognathus×8, Macrauchenia×8, Protoceratops×8, Oviraptor×8, Pavomimus×8, Stegosaurus×8); pantai:6 (Compsognathus badut×6)"
ri35teSub01,Sedang,Pulau stabil,Pulau biasa,35,24,0,,ya,ya,"darat:24 (Compsognathus×4, Macrauchenia×4, Protoceratops×4, Oviraptor×4, Pavomimus×4, Stegosaurus×4)"
ri35teSub02,Sedang,Pulau stabil,Pulau biasa,35,24,0,,ya,ya,"darat:24 (Compsognathus×4, Macrauchenia×4, Protoceratops×4, Oviraptor×4, Pavomimus×4, Stegosaurus×4)"
ri35teSub03_copper,Sedang,Pulau stabil,Pulau biasa,35,24,0,,ya,ya,"darat:24 (Compsognathus×4, Macrauchenia×4, Protoceratops×4, Oviraptor×4, Pavomimus×4, Stegosaurus×4)"
ri40tu171228,Tundra,Pulau stabil,Pulau biasa,40,46,0,,ya,ya,"darat:46 (Megaloceros jantan×8, Dodophysis×8, Direwolf×8, Coelophysis×8, Centrosaurus×7, Bonussaurus×7)"
ri40tuSub01,Tundra,Pulau stabil,Pulau biasa,40,22,0,,ya,ya,"darat:22 (Megaloceros jantan×4, Dodophysis×4, Direwolf×4, Coelophysis×4, Centrosaurus×3, Bonussaurus×3)"
ri40tuSub02,Tundra,Pulau stabil,Pulau biasa,40,22,0,,ya,ya,"darat:22 (Megaloceros jantan×4, Dodophysis×4, Direwolf×4, Coelophysis×4, Centrosaurus×3, Bonussaurus×3)"
ri40tuSub03_powerbox,Tundra,Pulau stabil,Pulau biasa,40,22,0,,ya,ya,"darat:22 (Megaloceros jantan×4, Dodophysis×4, Direwolf×4, Coelophysis×4, Centrosaurus×3, Bonussaurus×3)"
ri40tr171228,Tropis,Pulau stabil,Pulau biasa,40,62,0,,ya,ya,"darat:56 (Compsognathus bergaris×8, Pictaraptor×8, Saurolophus×8, Deinonychus×8, Protoceratops merah muda×8, Raptor×8); pantai:6 (Compsognathus badut×6)"
ri40trSub01,Tropis,Pulau stabil,Pulau biasa,40,28,0,,ya,ya,"darat:28 (Compsognathus bergaris×4, Pictaraptor×4, Saurolophus×4, Deinonychus×4, Protoceratops merah muda×4, Raptor×4)"
ri40trSub02,Tropis,Pulau stabil,Pulau biasa,40,28,0,,ya,ya,"darat:28 (Compsognathus bergaris×4, Pictaraptor×4, Saurolophus×4, Deinonychus×4, Protoceratops merah muda×4, Raptor×4)"
ri40trSub03_car,Tropis,Pulau stabil,Pulau biasa,40,28,0,,ya,ya,"darat:28 (Compsognathus bergaris×4, Pictaraptor×4, Saurolophus×4, Deinonychus×4, Protoceratops merah muda×4, Raptor×4)"
ri45sa171228,Savana,Pulau stabil,Pulau biasa,45,62,0,,ya,ya,"darat:56 (Kadal×8, Elephantulus×8, Zebra-ceratops×8, Achenicus×8, Styracosaurus×8, Edmontosaurus×8); pantai:6 (Compsognathus badut×6)"
ri45saSub01,Savana,Pulau stabil,Pulau biasa,45,28,0,,ya,ya,"darat:28 (Kadal×4, Elephantulus×4, Zebra-ceratops×4, Achenicus×4, Styracosaurus×4, Edmontosaurus×4)"
ri45saSub02,Savana,Pulau stabil,Pulau biasa,45,28,0,,ya,ya,"darat:28 (Kadal×4, Elephantulus×4, Zebra-ceratops×4, Achenicus×4, Styracosaurus×4, Edmontosaurus×4)"
ri45saSub03_mud,Savana,Pulau stabil,Pulau biasa,45,28,0,,ya,ya,"darat:28 (Kadal×4, Elephantulus×4, Zebra-ceratops×4, Achenicus×4, Styracosaurus×4, Edmontosaurus×4)"
ri45sw171228,Rawa,Pulau stabil,Pulau biasa,45,40,0,,ya,ya,"darat:40 (Tikus raksasa×8, Skunkodous×8, Coelophysis×8, Dimetrodon×8, Triceratops×8)"
ri45swSub01,Rawa,Pulau stabil,Pulau biasa,45,20,0,,ya,ya,"darat:20 (Tikus raksasa×4, Skunkodous×4, Coelophysis×4, Dimetrodon×4, Triceratops×4)"
ri45swSub02,Rawa,Pulau stabil,Pulau biasa,45,20,0,,ya,ya,"darat:20 (Tikus raksasa×4, Skunkodous×4, Coelophysis×4, Dimetrodon×4, Triceratops×4)"
ri45swSub03_billboard,Rawa,Pulau stabil,Pulau biasa,45,20,0,,ya,ya,"darat:20 (Tikus raksasa×4, Skunkodous×4, Coelophysis×4, Dimetrodon×4, Triceratops×4)"
ri50de171228,Gurun,Pulau stabil,Pulau biasa,50,56,0,,ya,ya,"darat:56 (Oviraptor×8, Kadal pasir×8, Gallimimus×8, Utahraptor×8, Kentrosaurus×8, Tuojiangosaurus×8)"
ri50deSub01,Gurun,Pulau stabil,Pulau biasa,50,28,0,,ya,ya,"darat:28 (Oviraptor×4, Kadal pasir×4, Gallimimus×4, Utahraptor×4, Kentrosaurus×4, Tuojiangosaurus×4)"
ri50deSub02,Gurun,Pulau stabil,Pulau biasa,50,28,0,,ya,ya,"darat:28 (Oviraptor×4, Kadal pasir×4, Gallimimus×4, Utahraptor×4, Kentrosaurus×4, Tuojiangosaurus×4)"
ri50deSub03_overpass,Gurun,Pulau stabil,Pulau biasa,50,28,0,,ya,ya,"darat:28 (Oviraptor×4, Kadal pasir×4, Gallimimus×4, Utahraptor×4, Kentrosaurus×4, Tuojiangosaurus×4)"
ri50sn171228,Salju,Pulau stabil,Pulau biasa,50,50,0,,ya,ya,"darat:50 (Dodophysis×10, Megaloceros jantan perut putih×6, Albirraptor×6, Coelophysis salju×6, Smilodon×8, Mammoth×8)"
ri50snSub01,Salju,Pulau stabil,Pulau biasa,50,18,0,,ya,ya,"darat:18 (Dodophysis×3, Megaloceros jantan perut putih×3, Albirraptor×3, Coelophysis salju×3, Smilodon×3, Mammoth×3)"
ri50snSub02,Salju,Pulau stabil,Pulau biasa,50,18,0,,ya,ya,"darat:18 (Dodophysis×3, Megaloceros jantan perut putih×3, Albirraptor×3, Coelophysis salju×3, Smilodon×3, Mammoth×3)"
ri50snSub03_mammoth,Salju,Pulau stabil,Pulau biasa,50,30,0,,ya,ya,darat:30 (Mammoth×30)
ri55tb171228,Bambu,Pulau stabil,Pulau biasa,55,54,0,,ya,ya,"darat:48 (Protoceratops merah muda×8, Deinonychus×8, Saurolophus×8, Kadal titik merah×8, Parasaurolophus×8, Gajah taring bawah×8); pantai:6 (Compsognathus badut×6)"
ri55trSub01,Tropis,Pulau stabil,Pulau biasa,55,24,0,,ya,ya,"darat:24 (Protoceratops merah muda×4, Deinonychus×4, Saurolophus×4, Kadal titik merah×4, Parasaurolophus×4, Gajah taring bawah×4)"
ri55trSub02,Tropis,Pulau stabil,Pulau biasa,55,24,0,,ya,ya,"darat:24 (Protoceratops merah muda×4, Deinonychus×4, Saurolophus×4, Kadal titik merah×4, Parasaurolophus×4, Gajah taring bawah×4)"
ri55trSub03_camp,Tropis,Pulau stabil,Pulau biasa,55,24,0,,ya,ya,"darat:24 (Protoceratops merah muda×4, Deinonychus×4, Saurolophus×4, Kadal titik merah×4, Parasaurolophus×4, Gajah taring bawah×4)"
ri55tu171228,Tundra,Pulau stabil,Pulau biasa,55,46,0,,ya,ya,"darat:46 (Dodophysis×8, Direwolf×8, Megaloceros jantan×8, Centrosaurus×8, Coelophysis×7, Ornithomimus×7)"
ri55tuSub01,Tundra,Pulau stabil,Pulau biasa,55,23,0,,ya,ya,"darat:23 (Dodophysis×4, Direwolf×4, Megaloceros jantan×4, Centrosaurus×4, Coelophysis×4, Ornithomimus×3)"
ri55tuSub02,Tundra,Pulau stabil,Pulau biasa,55,23,0,,ya,ya,"darat:23 (Dodophysis×4, Direwolf×4, Megaloceros jantan×4, Centrosaurus×4, Coelophysis×4, Ornithomimus×3)"
ri55tuSub03_camp,Tundra,Pulau stabil,Pulau biasa,55,23,0,,ya,ya,"darat:23 (Dodophysis×4, Direwolf×4, Megaloceros jantan×4, Centrosaurus×4, Coelophysis×4, Ornithomimus×3)"
ri55sw171228,Rawa,Pulau stabil,Pulau biasa,55,40,0,,ya,ya,"darat:40 (Tikus raksasa×8, Skunkodous×8, Coelophysis×8, Dimetrodon×8, Triceratops×8)"
ri55swSub01,Rawa,Pulau stabil,Pulau biasa,55,20,0,,ya,ya,"darat:20 (Tikus raksasa×4, Skunkodous×4, Coelophysis×4, Dimetrodon×4, Triceratops×4)"
ri55swSub02,Rawa,Pulau stabil,Pulau biasa,55,20,0,,ya,ya,"darat:20 (Tikus raksasa×4, Skunkodous×4, Coelophysis×4, Dimetrodon×4, Triceratops×4)"
ri55swSub03_billboard,Rawa,Pulau stabil,Pulau biasa,55,20,0,,ya,ya,"darat:20 (Tikus raksasa×4, Skunkodous×4, Coelophysis×4, Dimetrodon×4, Triceratops×4)"
ra60sn171228,Salju,Pulau tak stabil (terrain),Pulau biasa,60,14,0,,ya,ya,"darat:14 (Albirraptor×7, Dodophysis×7)"
ra60sw180226,Rawa,Pulau tak stabil (terrain),Pulau biasa,60,4,0,,ya,ya,"darat:4 (Skunkodous×3, Coelophysis×1)"
ri60vo180404,Vulkanik,Pulau stabil,Pulau biasa,60,0,0,,tidak,,
ev40te180312,Sedang,Event,Pulau biasa,40,3,0,,tidak,,"darat:3 (Compsognathus×2, Phenacodus×1)"
s01_ri35tu180405,,,Pulau biasa,,25,0,,ya,,"darat:25 (Dodophysis×5, Megaloceros jantan×5, Direwolf×5, Coelophysis×5, Centrosaurus×5)"
s01_ri45tr180405,,,Pulau biasa,,17,0,,ya,,"darat:17 (Compsognathus bergaris×2, Pictaraptor×3, Saurolophus×2, Deinonychus×3, Protoceratops merah muda×2, Raptor×2)"
s01_ri55sn180405,,,Pulau biasa,,44,0,,ya,,"darat:44 (Direwolf bulu putih×8, Megaloceros jantan perut putih×5, Albirraptor×5, Coelophysis salju×5, Smilodon bulu putih×8, Mammoth×5)"
s01_ri60de180405,,,Pulau biasa,,3,0,,ya,,"darat:3 (Oviraptor×2, Kadal pasir×1)"
ev50tr180723,Tropis,Event,Pulau biasa,50,9,0,,tidak,,"darat:9 (Pavomimus×3, Tarbosaurus×1, Semangka mencurigakan×5)"
ev45te180803,Sedang,Event,Pulau biasa,45,14,0,,tidak,,"darat:14 (Dodophysis×2, Phenacodus×3, Protoceratops×3, Pachycephalosaurus×6)"
s02_ri60sw,,,Musim · PvP,,28,0,,tidak,ya,"darat:28 (Coelophysis terluka×6, Triceratops keracunan×3, Triceratops bersemangat×3, Tikus raksasa sakit×8, Skunkodous mabuk×8)"
test_phase,,,Musim · PvP,,0,0,,tidak,ya,
s03_ri60sw,,,Musim · PvP,,18,0,,tidak,ya,"darat:18 (Coelophysis terluka×4, Triceratops keracunan×2, Triceratops bersemangat×2, Tikus raksasa sakit×5, Skunkodous mabuk×5)"
ua60snMain01,Salju,Pulau tak stabil,Pulau biasa,60,50,0,,ya,ya,"darat:50 (Dodophysis×10, Megaloceros jantan perut putih×6, Albirraptor×6, Coelophysis salju×6, Smilodon×8, Mammoth×8)"
ua60snMain02_elite,Salju,Pulau tak stabil,Pulau biasa,60,61,0,,ya,ya,"darat:61 (Dodophysis×10, Megaloceros jantan perut putih×10, Albirraptor×10, Coelophysis salju×10, Smilodon×10, Mammoth×10)"
ua60snMain03,Salju,Pulau tak stabil,Pulau biasa,60,50,0,,ya,,"darat:50 (Dodophysis×10, Megaloceros jantan perut putih×6, Albirraptor×6, Coelophysis salju×6, Smilodon×8, Mammoth×8)"
ua60snMain04_elite,Salju,Pulau tak stabil,Pulau biasa,60,61,0,,ya,,"darat:61 (Dodophysis×10, Megaloceros jantan perut putih×10, Albirraptor×10, Coelophysis salju×10, Smilodon×10, Mammoth×10)"
ua60snSub01,Salju,Pulau tak stabil,Pulau biasa,60,24,0,,ya,ya,"darat:24 (Dodophysis×4, Megaloceros jantan perut putih×4, Albirraptor×4, Coelophysis salju×4, Smilodon×4, Mammoth×4)"
ua60snSub02,Salju,Pulau tak stabil,Pulau biasa,60,24,0,,ya,ya,"darat:24 (Dodophysis×4, Megaloceros jantan perut putih×4, Albirraptor×4, Coelophysis salju×4, Smilodon×4, Mammoth×4)"
ua60snSub03_mammoth,Salju,Pulau tak stabil,Pulau biasa,60,31,0,,ya,ya,darat:31 (Mammoth×31)
ua60trMain01,Tropis,Pulau tak stabil,Pulau biasa,60,54,0,,ya,ya,"darat:48 (Protoceratops merah muda×8, Deinonychus×8, Saurolophus×8, Kadal titik merah×8, Parasaurolophus×8, Gajah taring bawah×8); pantai:6 (Compsognathus badut×6)"
ua60trSub01,Tropis,Pulau tak stabil,Pulau biasa,60,24,0,,ya,ya,"darat:24 (Protoceratops merah muda×4, Deinonychus×4, Saurolophus×4, Kadal titik merah×4, Parasaurolophus×4, Gajah taring bawah×4)"
ua60trSub02,Tropis,Pulau tak stabil,Pulau biasa,60,24,0,,ya,ya,"darat:24 (Protoceratops merah muda×4, Deinonychus×4, Saurolophus×4, Kadal titik merah×4, Parasaurolophus×4, Gajah taring bawah×4)"
ua60trSub03_car,Tropis,Pulau tak stabil,Pulau biasa,60,24,0,,ya,ya,"darat:24 (Protoceratops merah muda×4, Deinonychus×4, Saurolophus×4, Kadal titik merah×4, Parasaurolophus×4, Gajah taring bawah×4)"
ua60deMain01,Gurun,Pulau tak stabil,Pulau biasa,60,56,0,,ya,ya,"darat:56 (Oviraptor×8, Kadal pasir×8, Gallimimus×8, Utahraptor×8, Kentrosaurus×8, Tuojiangosaurus×8)"
ua60deMain02_elite,Gurun,Pulau tak stabil,Pulau biasa,60,70,0,,ya,ya,"darat:70 (Oviraptor×10, Kadal pasir×10, Gallimimus×10, Utahraptor×10, Kentrosaurus×10, Tuojiangosaurus×10)"
ua60deMain03,Gurun,Pulau tak stabil,Pulau biasa,60,56,0,,ya,,"darat:56 (Oviraptor×8, Kadal pasir×8, Gallimimus×8, Utahraptor×8, Kentrosaurus×8, Tuojiangosaurus×8)"
ua60deMain04_elite,Gurun,Pulau tak stabil,Pulau biasa,60,70,0,,ya,,"darat:70 (Oviraptor×10, Kadal pasir×10, Gallimimus×10, Utahraptor×10, Kentrosaurus×10, Tuojiangosaurus×10)"
ua60deSub01,Gurun,Pulau tak stabil,Pulau biasa,60,28,0,,ya,ya,"darat:28 (Oviraptor×4, Kadal pasir×4, Gallimimus×4, Utahraptor×4, Kentrosaurus×4, Tuojiangosaurus×4)"
ua60deSub02,Gurun,Pulau tak stabil,Pulau biasa,60,28,0,,ya,ya,"darat:28 (Oviraptor×4, Kadal pasir×4, Gallimimus×4, Utahraptor×4, Kentrosaurus×4, Tuojiangosaurus×4)"
ua60deSub03_car,Gurun,Pulau tak stabil,Pulau biasa,60,28,0,,ya,ya,"darat:28 (Oviraptor×4, Kadal pasir×4, Gallimimus×4, Utahraptor×4, Kentrosaurus×4, Tuojiangosaurus×4)"
ua60tuMain01,Tundra,Pulau tak stabil,Pulau biasa,60,46,0,,ya,ya,"darat:46 (Dodophysis×8, Direwolf×8, Megaloceros jantan×8, Centrosaurus×8, Coelophysis×7, Ornithomimus×7)"
ua60tuSub01,Tundra,Pulau tak stabil,Pulau biasa,60,24,0,,ya,ya,"darat:24 (Dodophysis×4, Direwolf×4, Megaloceros jantan×4, Centrosaurus×4, Coelophysis×4, Ornithomimus×4)"
ua60tuSub02,Tundra,Pulau tak stabil,Pulau biasa,60,24,0,,ya,ya,"darat:24 (Dodophysis×4, Direwolf×4, Megaloceros jantan×4, Centrosaurus×4, Coelophysis×4, Ornithomimus×4)"
ua60tuSub03_camp,Tundra,Pulau tak stabil,Pulau biasa,60,24,0,,ya,ya,"darat:24 (Dodophysis×4, Direwolf×4, Megaloceros jantan×4, Centrosaurus×4, Coelophysis×4, Ornithomimus×4)"
ua60swMain01,Rawa,Pulau tak stabil,Pulau biasa,60,40,0,,ya,ya,"darat:40 (Tikus raksasa×8, Skunkodous×8, Coelophysis×8, Dimetrodon×8, Triceratops×8)"
ua60swMain02_elite,Rawa,Pulau tak stabil,Pulau biasa,60,51,0,,ya,ya,"darat:51 (Tikus raksasa×10, Skunkodous×10, Coelophysis×10, Dimetrodon×10, Triceratops×10, Apatosaurus×1)"
ua60swMain03,Rawa,Pulau tak stabil,Pulau biasa,60,40,0,,ya,ya,"darat:40 (Tikus raksasa×8, Skunkodous×8, Coelophysis×8, Dimetrodon×8, Triceratops×8)"
ua60swMain04_elite,Rawa,Pulau tak stabil,Pulau biasa,60,51,0,,ya,ya,"darat:51 (Tikus raksasa×10, Skunkodous×10, Coelophysis×10, Dimetrodon×10, Triceratops×10, Apatosaurus×1)"
ua60swMain05,Rawa,Pulau tak stabil,Pulau biasa,60,40,0,,ya,,"darat:40 (Tikus raksasa×8, Skunkodous×8, Coelophysis×8, Dimetrodon×8, Triceratops×8)"
ua60swMain06_elite,Rawa,Pulau tak stabil,Pulau biasa,60,51,0,,ya,,"darat:51 (Tikus raksasa×10, Skunkodous×10, Coelophysis×10, Dimetrodon×10, Triceratops×10, Apatosaurus×1)"
ua60swSub01,Rawa,Pulau tak stabil,Pulau biasa,60,20,0,,ya,ya,"darat:20 (Tikus raksasa×4, Skunkodous×4, Coelophysis×4, Dimetrodon×4, Triceratops×4)"
ua60swSub02,Rawa,Pulau tak stabil,Pulau biasa,60,20,0,,ya,ya,"darat:20 (Tikus raksasa×4, Skunkodous×4, Coelophysis×4, Dimetrodon×4, Triceratops×4)"
ua60swSub03_billboard,Rawa,Pulau tak stabil,Pulau biasa,60,20,0,,ya,ya,"darat:20 (Tikus raksasa×4, Skunkodous×4, Coelophysis×4, Dimetrodon×4, Triceratops×4)"
ri24grSub01,Padang rumput,Pulau stabil,Pulau biasa,24,0,0,,ya,,
ua60sn02Main01,Salju,Pulau tak stabil,Pulau biasa,60,50,0,,ya,ya,"darat:50 (Dodophysis×10, Megaloceros jantan perut putih×6, Albirraptor×6, Coelophysis salju×6, Smilodon×8, Mammoth×8)"
ua60sn02Main02_elite,Salju,Pulau tak stabil,Pulau biasa,60,61,0,,ya,ya,"darat:61 (Dodophysis×10, Megaloceros jantan perut putih×10, Albirraptor×10, Coelophysis salju×10, Smilodon×10, Mammoth×10)"
ua60sn02Main03,Salju,Pulau tak stabil,Pulau biasa,60,50,0,,ya,,"darat:50 (Dodophysis×10, Megaloceros jantan perut putih×6, Albirraptor×6, Coelophysis salju×6, Smilodon×8, Mammoth×8)"
ua60sn02Main04_elite,Salju,Pulau tak stabil,Pulau biasa,60,61,0,,ya,,"darat:61 (Dodophysis×10, Megaloceros jantan perut putih×10, Albirraptor×10, Coelophysis salju×10, Smilodon×10, Mammoth×10)"
ua60sn02Sub01,Salju,Pulau tak stabil,Pulau biasa,60,24,0,,ya,ya,"darat:24 (Dodophysis×4, Megaloceros jantan perut putih×4, Albirraptor×4, Coelophysis salju×4, Smilodon×4, Mammoth×4)"
ua60sn02Sub02,Salju,Pulau tak stabil,Pulau biasa,60,24,0,,ya,ya,"darat:24 (Dodophysis×4, Megaloceros jantan perut putih×4, Albirraptor×4, Coelophysis salju×4, Smilodon×4, Mammoth×4)"
ua60sn02Sub03_mammoth,Salju,Pulau tak stabil,Pulau biasa,60,31,0,,ya,ya,darat:31 (Mammoth×31)
ua60tr02Main01,Tropis,Pulau tak stabil,Pulau biasa,60,54,0,,ya,ya,"darat:48 (Protoceratops merah muda×8, Deinonychus×8, Saurolophus×8, Kadal titik merah×8, Parasaurolophus×8, Gajah taring bawah×8); pantai:6 (Compsognathus badut×6)"
ua60tr02Sub01,Tropis,Pulau tak stabil,Pulau biasa,60,24,0,,ya,ya,"darat:24 (Protoceratops merah muda×4, Deinonychus×4, Saurolophus×4, Kadal titik merah×4, Parasaurolophus×4, Gajah taring bawah×4)"
ua60tr02Sub02,Tropis,Pulau tak stabil,Pulau biasa,60,24,0,,ya,ya,"darat:24 (Protoceratops merah muda×4, Deinonychus×4, Saurolophus×4, Kadal titik merah×4, Parasaurolophus×4, Gajah taring bawah×4)"
ua60tr02Sub03_car,Tropis,Pulau tak stabil,Pulau biasa,60,24,0,,ya,ya,"darat:24 (Protoceratops merah muda×4, Deinonychus×4, Saurolophus×4, Kadal titik merah×4, Parasaurolophus×4, Gajah taring bawah×4)"
ua60de02Main01,Gurun,Pulau tak stabil,Pulau biasa,60,56,0,,ya,ya,"darat:56 (Oviraptor×8, Kadal pasir×8, Gallimimus×8, Utahraptor×8, Kentrosaurus×8, Tuojiangosaurus×8)"
ua60de02Main02_elite,Gurun,Pulau tak stabil,Pulau biasa,60,70,0,,ya,ya,"darat:70 (Oviraptor×10, Kadal pasir×10, Gallimimus×10, Utahraptor×10, Kentrosaurus×10, Tuojiangosaurus×10)"
ua60de02Main03,Gurun,Pulau tak stabil,Pulau biasa,60,56,0,,ya,,"darat:56 (Oviraptor×8, Kadal pasir×8, Gallimimus×8, Utahraptor×8, Kentrosaurus×8, Tuojiangosaurus×8)"
ua60de02Main04_elite,Gurun,Pulau tak stabil,Pulau biasa,60,70,0,,ya,,"darat:70 (Oviraptor×10, Kadal pasir×10, Gallimimus×10, Utahraptor×10, Kentrosaurus×10, Tuojiangosaurus×10)"
ua60de02Sub01,Gurun,Pulau tak stabil,Pulau biasa,60,28,0,,ya,ya,"darat:28 (Oviraptor×4, Kadal pasir×4, Gallimimus×4, Utahraptor×4, Kentrosaurus×4, Tuojiangosaurus×4)"
ua60de02Sub02,Gurun,Pulau tak stabil,Pulau biasa,60,28,0,,ya,ya,"darat:28 (Oviraptor×4, Kadal pasir×4, Gallimimus×4, Utahraptor×4, Kentrosaurus×4, Tuojiangosaurus×4)"
ua60de02Sub03_car,Gurun,Pulau tak stabil,Pulau biasa,60,28,0,,ya,ya,"darat:28 (Oviraptor×4, Kadal pasir×4, Gallimimus×4, Utahraptor×4, Kentrosaurus×4, Tuojiangosaurus×4)"
ua60tu02Main01,Tundra,Pulau tak stabil,Pulau biasa,60,46,0,,ya,ya,"darat:46 (Dodophysis×8, Direwolf×8, Megaloceros jantan×8, Centrosaurus×8, Coelophysis×7, Ornithomimus×7)"
ua60tu02Sub01,Tundra,Pulau tak stabil,Pulau biasa,60,22,0,,ya,ya,"darat:22 (Dodophysis×4, Direwolf×4, Megaloceros jantan×4, Centrosaurus×4, Coelophysis×3, Ornithomimus×3)"
ua60tu02Sub02,Tundra,Pulau tak stabil,Pulau biasa,60,22,0,,ya,ya,"darat:22 (Dodophysis×4, Direwolf×4, Megaloceros jantan×4, Centrosaurus×4, Coelophysis×3, Ornithomimus×3)"
ua60tu02Sub03_camp,Tundra,Pulau tak stabil,Pulau biasa,60,22,0,,ya,ya,"darat:22 (Dodophysis×4, Direwolf×4, Megaloceros jantan×4, Centrosaurus×4, Coelophysis×3, Ornithomimus×3)"
ua60sw02Main01,Rawa,Pulau tak stabil,Pulau biasa,60,40,0,,ya,ya,"darat:40 (Tikus raksasa×8, Skunkodous×8, Coelophysis×8, Dimetrodon×8, Triceratops×8)"
ua60sw02Main02_elite,Rawa,Pulau tak stabil,Pulau biasa,60,51,0,,ya,ya,"darat:51 (Tikus raksasa×10, Skunkodous×10, Coelophysis×10, Dimetrodon×10, Triceratops×10, Apatosaurus×1)"
ua60sw02Main03,Rawa,Pulau tak stabil,Pulau biasa,60,40,0,,ya,ya,"darat:40 (Tikus raksasa×8, Skunkodous×8, Coelophysis×8, Dimetrodon×8, Triceratops×8)"
ua60sw02Main04_elite,Rawa,Pulau tak stabil,Pulau biasa,60,51,0,,ya,ya,"darat:51 (Tikus raksasa×10, Skunkodous×10, Coelophysis×10, Dimetrodon×10, Triceratops×10, Apatosaurus×1)"
ua60sw02Main05,Rawa,Pulau tak stabil,Pulau biasa,60,40,0,,ya,,"darat:40 (Tikus raksasa×8, Skunkodous×8, Coelophysis×8, Dimetrodon×8, Triceratops×8)"
ua60sw02Main06_elite,Rawa,Pulau tak stabil,Pulau biasa,60,51,0,,ya,,"darat:51 (Tikus raksasa×10, Skunkodous×10, Coelophysis×10, Dimetrodon×10, Triceratops×10, Apatosaurus×1)"
ua60sw02Sub01,Rawa,Pulau tak stabil,Pulau biasa,60,20,0,,ya,ya,"darat:20 (Tikus raksasa×4, Skunkodous×4, Coelophysis×4, Dimetrodon×4, Triceratops×4)"
ua60sw02Sub02,Rawa,Pulau tak stabil,Pulau biasa,60,20,0,,ya,ya,"darat:20 (Tikus raksasa×4, Skunkodous×4, Coelophysis×4, Dimetrodon×4, Triceratops×4)"
ua60sw02Sub03_billboard,Rawa,Pulau tak stabil,Pulau biasa,60,20,0,,ya,ya,"darat:20 (Tikus raksasa×4, Skunkodous×4, Coelophysis×4, Dimetrodon×4, Triceratops×4)"
ri15trMain01_summerclub,Tropis,Pulau stabil,Pulau biasa,15,10,0,,ya,,pantai:10 (Phenacodus hiu×10)
ri25tr171228,Tropis,Pulau stabil,Pulau biasa,25,50,0,,tidak,,"darat:50 (Compsognathus bergaris×10, Protoceratops merah muda×10, Pictaraptor×10, Saurolophus×10, Raptor×10)"
ri20te170712,Sedang,Pulau stabil,Pulau biasa,20,50,0,,tidak,,"darat:50 (Compsognathus×10, Phenacodus×10, Macrauchenia×10, Protoceratops×10, Oviraptor×10)"
ri35de170712,Gurun,Pulau stabil,Pulau biasa,35,50,0,,tidak,,"darat:50 (Oviraptor×10, Kadal pasir×10, Gallimimus×10, Kentrosaurus×10, Utahraptor×10)"
ri40tr170712,Tropis,Pulau stabil,Pulau biasa,40,70,0,,tidak,,"darat:70 (Compsognathus bergaris×10, Pictaraptor×10, Saurolophus×10, Deinonychus×10, Protoceratops merah muda×10, Raptor×10)"
ri50de170712,Gurun,Pulau stabil,Pulau biasa,50,70,0,,tidak,,"darat:70 (Oviraptor×10, Kadal pasir×10, Gallimimus×10, Utahraptor×10, Kentrosaurus×10, Tuojiangosaurus×10)"
ra40de170712,Gurun,Pulau tak stabil (terrain),Pulau biasa,40,2,0,,ya,,"darat:2 (Utahraptor×1, Kadal pasir×1)"
ri15sa170724,Savana,Pulau stabil,Pulau biasa,15,40,0,,tidak,,"darat:40 (Elephantulus×10, Kadal×10, Zebra-ceratops×10, Achenicus×10)"
ri45sa170724,Savana,Pulau stabil,Pulau biasa,45,70,0,,tidak,,"darat:70 (Kadal×10, Elephantulus×10, Zebra-ceratops×10, Achenicus×10, Styracosaurus×10, Edmontosaurus×10)"
ri15sa170615,Savana,Pulau stabil,Pulau biasa,15,40,0,,tidak,,"darat:40 (Elephantulus×10, Kadal×10, Zebra-ceratops×10, Achenicus×10)"
ri20te170615,Sedang,Pulau stabil,Pulau biasa,20,50,0,,tidak,,"darat:50 (Compsognathus×10, Phenacodus×10, Macrauchenia×10, Protoceratops×10, Oviraptor×10)"
ri25tr170615,Tropis,Pulau stabil,Pulau biasa,25,50,0,,tidak,,"darat:50 (Compsognathus bergaris×10, Protoceratops merah muda×10, Pictaraptor×10, Saurolophus×10, Raptor×10)"
ri30tu170615,Tundra,Pulau stabil,Pulau biasa,30,50,0,,tidak,,"darat:50 (Dodophysis×10, Megaloceros jantan×10, Direwolf×10, Coelophysis×10, Centrosaurus×10)"
ri35te170615,Sedang,Pulau stabil,Pulau biasa,35,60,0,,tidak,,"darat:60 (Compsognathus×10, Macrauchenia×10, Protoceratops×10, Oviraptor×10, Pavomimus×10, Stegosaurus×10)"
ri35de170615,Gurun,Pulau stabil,Pulau biasa,35,50,0,,tidak,,"darat:50 (Oviraptor×10, Kadal pasir×10, Gallimimus×10, Kentrosaurus×10, Utahraptor×10)"
ri40tr170615,Tropis,Pulau stabil,Pulau biasa,40,70,0,,tidak,,"darat:70 (Compsognathus bergaris×10, Pictaraptor×10, Saurolophus×10, Deinonychus×10, Protoceratops merah muda×10, Raptor×10)"
ri40tu170615,Tundra,Pulau stabil,Pulau biasa,40,60,0,,tidak,,"darat:60 (Megaloceros jantan×10, Dodophysis×10, Direwolf×10, Coelophysis×10, Centrosaurus×10, Bonussaurus×10)"
ri45sa170615,Savana,Pulau stabil,Pulau biasa,45,70,0,,tidak,,"darat:70 (Kadal×10, Elephantulus×10, Zebra-ceratops×10, Achenicus×10, Styracosaurus×10, Edmontosaurus×10)"
ri45sw170615,Rawa,Pulau stabil,Pulau biasa,45,50,0,,tidak,,"darat:50 (Tikus raksasa×10, Skunkodous×10, Coelophysis×10, Dimetrodon×10, Triceratops×10)"
ri50de170615,Gurun,Pulau stabil,Pulau biasa,50,70,0,,tidak,,"darat:70 (Oviraptor×10, Kadal pasir×10, Gallimimus×10, Utahraptor×10, Kentrosaurus×10, Tuojiangosaurus×10)"
ri50sn170615,Salju,Pulau stabil,Pulau biasa,50,60,0,,tidak,,"darat:60 (Dodophysis×10, Megaloceros jantan perut putih×10, Albirraptor×10, Coelophysis salju×10, Smilodon×10, Mammoth×10)"
ri55tb170615,Bambu,Pulau stabil,Pulau biasa,55,60,0,,tidak,,"darat:60 (Protoceratops merah muda×10, Deinonychus×10, Saurolophus×10, Kadal titik merah×10, Parasaurolophus×10, Gajah taring bawah×10)"
ri55tu170615,Tundra,Pulau stabil,Pulau biasa,55,60,0,,tidak,,"darat:60 (Dodophysis×10, Direwolf×10, Megaloceros jantan×10, Centrosaurus×10, Coelophysis×10, Ornithomimus×10)"
ra30gr170615,Padang rumput,Pulau tak stabil (terrain),Pulau biasa,30,1,0,,ya,,darat:1 (Hadrosaurus×1)
ra35sa170615,Savana,Pulau tak stabil (terrain),Pulau biasa,35,4,0,,ya,,"darat:4 (Elephantulus×3, Achenicus×1)"
ra40de170615,Gurun,Pulau tak stabil (terrain),Pulau biasa,40,2,0,,ya,,"darat:2 (Utahraptor×1, Kadal pasir×1)"
ra45tu170615,Tundra,Pulau tak stabil (terrain),Pulau biasa,45,4,0,,ya,,"darat:4 (Dodophysis×3, Direwolf×1)"
ra50tr170615,Tropis,Pulau tak stabil (terrain),Pulau biasa,50,4,0,,ya,,"darat:4 (Raptor×2, Pictaraptor×2)"
ra55te170615,Sedang,Pulau tak stabil (terrain),Pulau biasa,55,3,0,,ya,,"darat:3 (Stegosaurus×1, Compsognathus×2)"
ra60sn170615,Salju,Pulau tak stabil (terrain),Pulau biasa,60,14,0,,ya,,"darat:14 (Albirraptor×7, Dodophysis×7)"
ri15sa170531,Savana,Pulau stabil,Pulau biasa,15,70,0,,tidak,,"darat:70 (Oviraptor×10, Albirraptor×10, Pictaraptor×50)"
ri20te170601,Sedang,Pulau stabil,Pulau biasa,20,70,0,,tidak,,"darat:70 (Oviraptor×10, Albirraptor×10, Pictaraptor×50)"
ri25tr170602,Tropis,Pulau stabil,Pulau biasa,25,70,0,,tidak,,"darat:70 (Oviraptor×10, Albirraptor×10, Pictaraptor×50)"
ri30tu170601,Tundra,Pulau stabil,Pulau biasa,30,70,0,,tidak,,"darat:70 (Oviraptor×10, Albirraptor×10, Pictaraptor×50)"
ri35te170601,Sedang,Pulau stabil,Pulau biasa,35,70,0,,tidak,,"darat:70 (Oviraptor×10, Albirraptor×10, Pictaraptor×50)"
ri35de170601,Gurun,Pulau stabil,Pulau biasa,35,70,0,,tidak,,"darat:70 (Oviraptor×10, Albirraptor×10, Pictaraptor×50)"
ri40tr170601,Tropis,Pulau stabil,Pulau biasa,40,70,0,,tidak,,"darat:70 (Oviraptor×10, Albirraptor×10, Pictaraptor×50)"
ri40tu170601,Tundra,Pulau stabil,Pulau biasa,40,70,0,,tidak,,"darat:70 (Oviraptor×10, Albirraptor×10, Pictaraptor×50)"
ri45sa170420,Savana,Pulau stabil,Pulau biasa,45,70,0,,tidak,,"darat:70 (Oviraptor×10, Albirraptor×10, Pictaraptor×50)"
ri45sw170602,Rawa,Pulau stabil,Pulau biasa,45,70,0,,tidak,,"darat:70 (Oviraptor×10, Albirraptor×10, Pictaraptor×50)"
ri50de170524,Gurun,Pulau stabil,Pulau biasa,50,70,0,,tidak,,"darat:70 (Oviraptor×10, Albirraptor×10, Pictaraptor×50)"
ri50sn170524,Salju,Pulau stabil,Pulau biasa,50,70,0,,tidak,,"darat:70 (Oviraptor×10, Albirraptor×10, Pictaraptor×50)"
test60vol190625,Vulkanik,,Pulau biasa,,57,0,,tidak,,"darat:42 (Hadrosaurus×8, Kadal pasir×5, Kadal titik merah×8, Utahraptor×10, Triceratops×10, Tyrannosaurus×1); pantai:15 (Kadal pasir×15)"
test60vol190516,Vulkanik,,Pulau biasa,,57,0,,tidak,,"darat:42 (Hadrosaurus×8, Kadal pasir×5, Kadal titik merah×8, Utahraptor×10, Triceratops×10, Tyrannosaurus×1); pantai:15 (Kadal pasir×15)"
test60vol190516_sub1,Vulkanik,,Pulau biasa,,28,0,,tidak,,"darat:18 (Hadrosaurus×3, Kadal pasir×2, Kadal titik merah×3, Utahraptor×5, Triceratops×5); pantai:10 (Kadal pasir×10)"
test60vol190508_sub2,Vulkanik,,Pulau biasa,,0,0,,tidak,,
test60vol190508_sub3,Vulkanik,,Pulau biasa,,0,0,,tidak,,
test60vol_512,Vulkanik,,Pulau biasa,,67,0,,tidak,,"darat:52 (Hadrosaurus lava×8, Skunkodous belerang×5, Andrewsarchus×8, Utahraptor kepala hitam×10, Chasmosaurus abu vulkanik×10, Iguana garis putih×10); pantai:15 (Belangkas×15)"
test60vol_256,Vulkanik,,Pulau biasa,,56,0,,tidak,,"darat:41 (Hadrosaurus lava×8, Skunkodous belerang×5, Andrewsarchus×8, Utahraptor kepala hitam×10, Chasmosaurus abu vulkanik×10); pantai:15 (Belangkas×15)"
test60vol_128,Vulkanik,,Pulau biasa,,13,0,,tidak,,"darat:8 (Hadrosaurus lava×2, Skunkodous belerang×2, Andrewsarchus×2, Utahraptor kepala hitam×2); pantai:5 (Belangkas×5)"
test60vol_cracks,Vulkanik,,Pulau biasa,,7,0,,tidak,,darat:2 (Hadrosaurus lava×2); pantai:5 (Belangkas×5)
ua60vol_01_01,Vulkanik,Pulau tak stabil,Pulau biasa,60,114,0,,ya,ya,"darat:64 (Hadrosaurus lava×12, Skunkodous belerang×10, Andrewsarchus×12, Utahraptor kepala hitam×15, Iguana garis putih×15); pantai:50 (Belangkas×50)"
ua60vol_01_02,Vulkanik,Pulau tak stabil,Pulau biasa,60,16,0,,ya,ya,"darat:4 (Hadrosaurus lava×1, Skunkodous belerang×1, Andrewsarchus×1, Utahraptor kepala hitam×1); pantai:12 (Belangkas×12)"
ua60vol_01_03,Vulkanik,Pulau tak stabil,Pulau biasa,60,42,0,,ya,ya,"darat:12 (Skunkodous belerang×3, Andrewsarchus×4, Utahraptor kepala hitam×5); pantai:30 (Belangkas×30)"
ua60vol_02_01,Vulkanik,Pulau tak stabil,Pulau biasa,60,124,0,,ya,ya,"darat:74 (Hadrosaurus lava×12, Skunkodous belerang×10, Andrewsarchus×12, Utahraptor kepala hitam×15, Iguana garis putih×15, Chasmosaurus abu vulkanik×10); pantai:50 (Belangkas×50)"
ua60vol_02_02,Vulkanik,Pulau tak stabil,Pulau biasa,60,20,0,,ya,ya,"darat:8 (Hadrosaurus lava×2, Skunkodous belerang×2, Andrewsarchus×2, Utahraptor kepala hitam×2); pantai:12 (Belangkas×12)"
ua60vol_02_03,Vulkanik,Pulau tak stabil,Pulau biasa,60,50,0,,ya,ya,"darat:20 (Skunkodous belerang×3, Andrewsarchus×3, Utahraptor kepala hitam×3, Iguana garis putih×3, Kadal beracun×8); pantai:30 (Belangkas×30)"
ua60vol_02_04,Vulkanik,Pulau tak stabil,Pulau biasa,60,17,0,,ya,ya,darat:5 (Skunkodous belerang×5); pantai:12 (Belangkas×12)
ua60vol_03_01,Vulkanik,Pulau tak stabil,Pulau biasa,60,100,0,,ya,ya,"darat:50 (Hadrosaurus lava×8, Skunkodous belerang×5, Andrewsarchus×8, Utahraptor kepala hitam×10, Iguana garis putih×10, Chasmosaurus abu vulkanik×8); pantai:50 (Belangkas×50)"
ua60vol_03_02,Vulkanik,Pulau tak stabil,Pulau biasa,60,42,0,,ya,ya,"darat:27 (Skunkodous belerang×5, Andrewsarchus×8, Hadrosaurus lava×10, Iguana garis putih×4); pantai:15 (Belangkas×15)"
ua60vol_04_01,Vulkanik,Pulau tak stabil,Pulau biasa,60,107,0,,ya,ya,"darat:57 (Hadrosaurus lava×8, Skunkodous belerang×5, Andrewsarchus×10, Utahraptor kepala hitam×10, Iguana garis putih×10, Chasmosaurus abu vulkanik×8); pantai:50 (Belangkas×50)"
ua60vol_04_02,Vulkanik,Pulau tak stabil,Pulau biasa,60,38,0,,ya,ya,"darat:8 (Hadrosaurus lava×2, Skunkodous belerang×2, Andrewsarchus×2, Utahraptor kepala hitam×2); pantai:30 (Belangkas×30)"
ua60vol_04_03,Vulkanik,Pulau tak stabil,Pulau biasa,60,52,0,,ya,ya,darat:22 (Hadrosaurus lava penelitian×22); pantai:30 (Belangkas×30)
ua60vol_05_01,Vulkanik,Pulau tak stabil,Pulau biasa,60,114,0,,ya,ya,"darat:64 (Hadrosaurus lava×10, Skunkodous belerang×10, Andrewsarchus×10, Utahraptor kepala hitam×10, Iguana garis putih×10, Chasmosaurus abu vulkanik×8); pantai:50 (Belangkas×50)"
ua60vol_05_02,Vulkanik,Pulau tak stabil,Pulau biasa,60,16,0,,ya,ya,"darat:4 (Hadrosaurus lava×2, Skunkodous belerang×2); pantai:12 (Belangkas×12)"
ua60vol_05_03,Vulkanik,Pulau tak stabil,Pulau biasa,60,57,0,,ya,ya,"darat:27 (Skunkodous belerang×5, Andrewsarchus×8, Utahraptor kepala hitam×10, Iguana garis putih×4); pantai:30 (Belangkas×30)"
ua60vol_06_01,Vulkanik,Pulau tak stabil,Pulau biasa,60,114,0,,ya,ya,"darat:64 (Hadrosaurus lava×10, Skunkodous belerang×10, Andrewsarchus×10, Utahraptor kepala hitam×10, Iguana garis putih×10, Chasmosaurus abu vulkanik×8); pantai:50 (Belangkas×50)"
ua60vol_06_02,Vulkanik,Pulau tak stabil,Pulau biasa,60,57,0,,ya,ya,"darat:27 (Skunkodous belerang×5, Andrewsarchus×8, Utahraptor kepala hitam×10, Iguana garis putih×4); pantai:30 (Belangkas×30)"
ua60vol_06_03,Vulkanik,Pulau tak stabil,Pulau biasa,60,61,0,,ya,ya,"darat:31 (Hadrosaurus lava×8, Skunkodous belerang×5, Andrewsarchus×8, Utahraptor kepala hitam×10); pantai:30 (Belangkas×30)"
ua60vol_07_01,Vulkanik,Pulau tak stabil,Pulau biasa,60,105,0,,ya,ya,"darat:55 (Hadrosaurus lava×8, Skunkodous belerang×5, Andrewsarchus×8, Utahraptor kepala hitam×10, Iguana garis putih×10, Chasmosaurus abu vulkanik×8); pantai:50 (Belangkas×50)"
ua60vol_07_02,Vulkanik,Pulau tak stabil,Pulau biasa,60,44,0,,ya,ya,"darat:14 (Hadrosaurus lava×2, Skunkodous belerang×2, Andrewsarchus pemulung×8, Utahraptor kepala hitam×2); pantai:30 (Belangkas×30)"
ua60vol_07_03,Vulkanik,Pulau tak stabil,Pulau biasa,60,12,0,,ya,ya,"darat:2 (Andrewsarchus×1, Utahraptor kepala hitam×1); pantai:10 (Belangkas×10)"
ua60vol_08_01,Vulkanik,Pulau tak stabil,Pulau biasa,60,114,0,,ya,ya,"darat:64 (Hadrosaurus lava×10, Skunkodous belerang×10, Andrewsarchus×10, Utahraptor kepala hitam×10, Iguana garis putih×10, Chasmosaurus abu vulkanik×8); pantai:50 (Belangkas×50)"
ua60vol_08_02,Vulkanik,Pulau tak stabil,Pulau biasa,60,47,0,,ya,ya,"darat:17 (Skunkodous belerang×3, Andrewsarchus×3, Amargasaurus komunikasi×8, Iguana garis putih×3); pantai:30 (Belangkas×30)"
testpvpisland190919,,,Musim · PvP,,0,0,,tidak,ya,
ri18tr_01_01,Tropis,Pulau stabil,Pulau biasa,18,30,0,,ya,ya,"darat:30 (Smilodon bulu putih×15, Pictaraptor×5, Saurolophus×5, Raptor×5)"
ri18tr_02_01,Tropis,Pulau stabil,Pulau biasa,18,11,0,,ya,ya,"darat:11 (Compsognathus bergaris×3, Protoceratops merah muda×2, Pictaraptor×2, Saurolophus×2, Raptor×2)"
ri18tr_03_01,Tropis,Pulau stabil,Pulau biasa,18,4,0,,ya,ya,"darat:4 (Compsognathus bergaris×1, Pictaraptor×1, Saurolophus×1, Raptor×1)"
ri18tr_04_01,Tropis,Pulau stabil,Pulau biasa,18,11,0,,ya,ya,"darat:11 (Compsognathus bergaris×3, Protoceratops merah muda×2, Pictaraptor×2, Saurolophus×2, Raptor×2)"
ri18tr_test,Tropis,Pulau stabil,Pulau biasa,18,0,0,,tidak,ya,
ri18tr_05_01,Tropis,Pulau stabil,Pulau biasa,18,3,0,,ya,ya,"darat:3 (Compsognathus bergaris×1, Pictaraptor×1, Saurolophus×1)"
ri18tr_05_02,Tropis,Pulau stabil,Pulau biasa,18,4,0,,ya,ya,"darat:4 (Compsognathus bergaris×1, Pictaraptor×1, Saurolophus×1, Raptor×1)"
ri18tr_05_03,Tropis,Pulau stabil,Pulau biasa,18,4,0,,ya,ya,"darat:4 (Compsognathus bergaris×1, Pictaraptor×1, Saurolophus×1, Raptor×1)"
ri18tr_06_01,Tropis,Pulau stabil,Pulau biasa,18,4,0,,ya,ya,"darat:4 (Megaloceros jantan perut putih tak dikenal×1, Ankylo kura-kura tak dikenal×1, Macrauchenia tak dikenal×1, Gallimimus tak dikenal×1)"
ri18tr_06_02,Tropis,Pulau stabil,Pulau biasa,18,10,0,,ya,ya,"pantai:10 (Hadrosaurus lava×7, Direwolf hitam tak dikenal×1, Pavomimus tak dikenal×1, Gastornis tak dikenal×1)"
ri18tr_07_01,Tropis,Pulau stabil,Pulau biasa,18,4,0,,ya,,"darat:4 (Compsognathus bergaris×1, Pictaraptor×1, Saurolophus×1, Raptor×1)"
ru10gr170712,Padang rumput,Reruntuhan,Reruntuhan,10,100,0,,tidak,ya,"darat:100 (Compsognathus×60, Phenacodus×40)"
ru10gr170615,Padang rumput,Reruntuhan,Reruntuhan,10,100,0,,tidak,,"darat:100 (Compsognathus×60, Phenacodus×40)"
ru10gr170511,Padang rumput,Reruntuhan,Reruntuhan,10,70,0,,tidak,,"danau dangkal:10 (Chasmosaurus×5, Protoceratops×5); danau dalam:10 (Megaloceros jantan×10); darat:30 (Oviraptor×10, Albirraptor×10, Pictaraptor×10); pantai:10 (Ankylosaurus×5, Euoplocephalus×5); laut:10 (Parasaurolophus×10)"
s06gr161202,,,Reruntuhan,,0,0,,tidak,,
s06gr161111,,,Reruntuhan,,0,0,,tidak,,
s06gr161120,,,Reruntuhan,,0,0,,tidak,,
sh05tr180130,Tropis,Rumah aman,Rumah aman,5,1,0,,tidak,ya,darat:1 (Compsognathus×1)
sh05tr171110,Tropis,Rumah aman,Rumah aman,5,1,0,,tidak,,darat:1 (Compsognathus×1)
sh05tr171109,Tropis,Rumah aman,Rumah aman,5,1,0,,tidak,,darat:1 (Compsognathus×1)
sh05tr171108,Tropis,Rumah aman,Rumah aman,5,10,0,,tidak,,darat:10 (Compsognathus×10)
sh05tr170927,Tropis,Rumah aman,Rumah aman,5,13,0,,tidak,,"darat:13 (Compsognathus×10, Raptor pengecut×3)"
sh05tr170926,Tropis,Rumah aman,Rumah aman,5,10,0,,tidak,,darat:10 (Compsognathus×10)
sh05tr170919,Tropis,Rumah aman,Rumah aman,5,10,0,,tidak,,darat:10 (Compsognathus×10)
sh05tr170918,Tropis,Rumah aman,Rumah aman,5,10,0,,tidak,,darat:10 (Compsognathus×10)
sh05tr170914,Tropis,Rumah aman,Rumah aman,5,10,0,,tidak,,darat:10 (Compsognathus×10)
t01test170615,,Uji,Uji coba,,0,0,,tidak,,
t01test160627,,Uji,Uji coba,,0,0,,tidak,,
t01test170425,,Uji,Uji coba,,0,0,,tidak,,
i01ancora180107,,Ancora,Ancora,,0,0,,tidak,ya,
i01ancora170918,,Ancora,Ancora,,0,0,,tidak,,
i01ancora170712,,Ancora,Ancora,,0,0,,tidak,,
i01ancora160714,,Ancora,Ancora,,0,0,,tidak,,
ur40gr170615,Padang rumput,,Pulau kota,40,114,0,,tidak,ya,"darat:114 (Macrauchenia tak dikenal×22, Gallimimus tak dikenal×22, Achenicus×10, Styracosaurus×15, Edmontosaurus×15, Iguanodon×10)"
ur40te170615,Sedang,,Pulau kota,40,124,0,,tidak,ya,"darat:124 (Gastornis tak dikenal×22, Pavomimus tak dikenal×22, Smilodon×15, Euoplocephalus×15, Dilophosaurus×15, Pavomimus×15)"
ur40tr170615,Tropis,,Pulau kota,40,121,0,,tidak,ya,"darat:121 (Ankylosaurus tak dikenal×44, Ankylo kura-kura tak dikenal×22, Stegosaurus×15, Tuojiangosaurus×15, Pictaraptor×15, Protoceratops merah muda×10)"
ur40tu170615,Tundra,,Pulau kota,40,123,0,,tidak,ya,"darat:123 (Direwolf bulu putih tak dikenal×40, Direwolf hitam tak dikenal×22, Megaloceros betina perut putih tak dikenal×18, Megaloceros betina tak dikenal×18, Dodophysis×15, Direwolf×10)"
ur40gr170511,Padang rumput,,Pulau kota,40,80,0,,tidak,,"danau dangkal:10 (Chasmosaurus×5, Protoceratops×5); danau dalam:10 (Megaloceros jantan×10); darat:40 (Oviraptor×10, Albirraptor×10, Pictaraptor×20); pantai:10 (Ankylosaurus×5, Euoplocephalus×5); laut:10 (Parasaurolophus×10)"
ur40te170511,Sedang,,Pulau kota,40,80,0,,tidak,,"danau dangkal:10 (Chasmosaurus×5, Protoceratops×5); danau dalam:10 (Megaloceros jantan×10); darat:40 (Oviraptor×10, Albirraptor×10, Pictaraptor×20); pantai:10 (Ankylosaurus×5, Euoplocephalus×5); laut:10 (Parasaurolophus×10)"
ur40tr170511,Tropis,,Pulau kota,40,80,0,,tidak,,"danau dangkal:10 (Chasmosaurus×5, Protoceratops×5); danau dalam:10 (Megaloceros jantan×10); darat:40 (Oviraptor×10, Albirraptor×10, Pictaraptor×20); pantai:10 (Ankylosaurus×5, Euoplocephalus×5); laut:10 (Parasaurolophus×10)"
ur40tu170511,Tundra,,Pulau kota,40,80,0,,tidak,,"danau dangkal:10 (Chasmosaurus×5, Protoceratops×5); danau dalam:10 (Megaloceros jantan×10); darat:40 (Oviraptor×10, Albirraptor×10, Pictaraptor×20); pantai:10 (Ankylosaurus×5, Euoplocephalus×5); laut:10 (Parasaurolophus×10)"
ua60teMain01,Sedang,Pulau tak stabil,Pulau biasa,60,62,16,,ya,ya,"darat:50 (Pictaraptor×10, Utahraptor×8, Smilodon×8, Euoplocephalus×6, Macrauchenia×6, Gallimimus×6); pantai:12 (Compsognathus badut×12)"
ua45sa_solo_elite,Savana,Pulau tak stabil,Pulau elite,45,2,0,ya,ya,ya,"darat:2 (Styracosaurus alpha×1, Kadal×1)"
ua60te_solo_elite,Sedang,Pulau tak stabil,Pulau elite,60,2,0,ya,ya,ya,"darat:2 (Brachiosaurus alpha×1, Pictaraptor×1)"
ua60tr_solo_elite,Tropis,Pulau tak stabil,Pulau elite,60,2,0,ya,ya,ya,"darat:2 (Tarbosaurus alpha×1, Protoceratops merah muda×1)"
ua60de_solo_elite,Gurun,Pulau tak stabil,Pulau elite,60,2,0,ya,ya,ya,"darat:2 (Allosaurus alpha×1, Oviraptor×1)"
ua60tu_solo_elite,Tundra,Pulau tak stabil,Pulau elite,60,2,0,ya,ya,ya,"darat:2 (Direwolf alpha×1, Dodophysis×1)"
ua60sn_solo_elite,Salju,Pulau tak stabil,Pulau elite,60,2,0,ya,ya,ya,"darat:2 (Tarbosaurus salju alpha×1, Dodophysis×1)"
ua60sw_solo_elite,Rawa,Pulau tak stabil,Pulau elite,60,2,0,ya,ya,ya,"darat:2 (Apatosaurus minyak beracun×1, Tikus raksasa×1)"
ua60vo_solo_elite,Vulkanik,Pulau tak stabil,Pulau elite,60,2,0,ya,ya,ya,"darat:2 (Tyrannosaurus alpha×1, Hadrosaurus lava×1)"
ri15sa_lucid_test,Savana,Pulau tak stabil,Pulau biasa,15,1,0,,ya,ya,darat:1 (Therizinosaurus×1)
