id,name,description,max,eff_count,tags
clothes,Basic clothing,Wearing clothes keeps fatigue down.,1,0,
accessory,Climate fit,Proper gear for the climate keeps fatigue down.,1,0,
dirty,Filth,Dirty body builds fatigue.,1,1,"clear_on_death,clear_on_levelup"
clean,Washed,Washed clean; heat and fatigue bearable.,1,1,clear_on_death
wet,Wet,"Wet: body temp drops. Bearable when hot, worse when cold.",1,6,"clear_on_death,clear_on_levelup"
drink_water,Drinking water,"Hydrated: thirst gone, fatigue bearable.",1,5,clear_on_death
cactus_water,Throat moistener,Juice wets the throat; fatigue bearable.,1,4,clear_on_death
fruit_water,Fruit juice,Lots of juice; fatigue even more bearable.,1,2,clear_on_death
thirsty,Thirst,Parched throat; heavy fatigue.,1,2,"clear_on_death,clear_on_levelup"
warm_up,Campfire,"Dries off and warms up. Bearable when cold, worse when hot.",1,4,"clear_on_death,clear_on_move"
observe_death,Witnessed death,Witnessed death; fatigue builds.,1,1,"clear_on_death,clear_on_levelup"
encouraged,Cheered on,Cheered on; fatigue bearable.,1,1,"clear_on_death,clear_on_levelup"
do_not_encourage,Can't cheer,Can cheer again shortly.,1,0,
taste_good,Tasty,Tasty; fatigue bearable.,1,1,clear_on_death
taste_very_good,Heavenly taste,Delicious; hardly feel fatigue.,1,1,clear_on_death
taste_bad,Bad taste,Bad taste; fatigue builds.,1,1,clear_on_death
taste_very_bad,Worst taste,Awful taste; fatigue builds fast.,1,1,clear_on_death
excited,Excitement,Excited; fatigue bearable.,1,1,"clear_on_death,clear_on_levelup"
effect_fresh,Caffeine,Refreshing scent reduces energy use for everything.,1,1,clear_on_death
newbie_shield_cheat,(Cheat) Modern scent,Animals avoid the strange smell.,1,0,
rest_cheat,(Cheat) Rest,Resting quickly relieves fatigue.,1,1,"clear_on_death,clear_on_move"
rest,Resting,Resting relieves fatigue.,9,3,"clear_on_death,clear_on_move"
rest_ancora,Resting,Resting relieves fatigue.,100,1,"clear_on_death,clear_on_move"
rest_s02_bed,Moss mat rest,Resting somewhere proper melts fatigue away.,100,3,"clear_on_death,clear_on_move"
rest_s02_shelter_01,Moss hut rest,Resting somewhere proper melts fatigue away.,100,3,"clear_on_death,clear_on_move"
rest_cash,Resting,Resting somewhere proper melts fatigue away.,100,3,"clear_on_death,clear_on_move"
pool_rest,Using pool,Resting in the pool makes you hungry.,59,1,"clear_on_death,clear_on_move"
rest_pool_minor,Using pool,Resting in the pool makes you hungry.,60,1,"clear_on_death,clear_on_move"
rest_pool,Using pool,Resting in the pool makes you hungry.,60,1,"clear_on_death,clear_on_move"
rest_spa_minor,Using open-air bath,Resting in the open bath makes you hungry.,60,1,"clear_on_death,clear_on_move"
rest_spa,Using open-air bath,Resting in the open bath makes you hungry.,60,1,"clear_on_death,clear_on_move"
rest_bm_fatigue,Deep rest,Powerful rest rapidly lowers fatigue.,60,1,"clear_on_death,clear_on_move"
rest_mount,Resting,Resting relieves fatigue.,60,3,clear_on_unmount
inside,Indoors,Indoors; less affected by the environment.,1,7,
pleasant_fragrance,Pleasant scent,"Pleasant scent; immune to climate fatigue. Note: does not apply to unstable-environment fatigue (index II+, lv60+).",1,11,
under_roof,Shade,In the shade; avoids the heat.,1,3,
satiety_high,Fullness,Full; can't eat more.,1,0,"clear_on_death,clear_on_levelup"
fatigue_caution,Fatigue,Need rest. Work more and you may collapse.,10,2,clear_on_levelup
fatigue_danger,Exhaustion,Overworked to exhaustion. Recover to tired before acting again.,10,3,clear_on_levelup
poisoning,Poisoned,Poisoned; health drains.,30,1,"clear_on_death,clear_on_levelup"
energetic,Vitality,Energized; energy use down.,2,1,clear_on_death
dejected,Frustration,Guilt-ridden; energy use up.,1,1,clear_on_death
food_power,Food energy,Stats improve depending on food.,1,0,clear_on_death
food_ability,Stat boost,Ate food; abilities improved.,1,0,clear_on_death
food_survival,Survival boost,Ate food; survival improved.,1,0,clear_on_death
away_from_keyboard,Away (AFK),Away from keyboard.,1,0,clear_on_connect
raw_food,Stomach ache,Bad raw food; fatigue builds.,1,1,"clear_on_death,clear_on_levelup"
hot_food,Warm food,Warm food makes cold bearable.,5,4,"clear_on_death,clear_on_levelup"
cold_food,Cold food,Cool food makes heat bearable.,5,4,"clear_on_death,clear_on_levelup"
life_up,HP regen up,Food/meds speed HP regen.,10,1,clear_on_death
health_up,Health regen up,Food/meds slowly restore health.,10,1,clear_on_death
stamina_up,Stamina regen up,Food/meds speed stamina regen.,10,1,clear_on_death
stance_attack_se,Attack stance effect,,5,1,"clear_on_death,clear_on_battle,clear_on_connect,clear_on_policy"
stance_defense_se,Defense stance effect,,5,1,"clear_on_death,clear_on_battle,clear_on_connect,clear_on_policy"
stance_counter_se,Counter stance effect,,5,1,"clear_on_death,clear_on_battle,clear_on_connect,clear_on_policy"
stance_fierce_se,Onslaught stance effect,,5,1,"clear_on_death,clear_on_battle,clear_on_connect,clear_on_policy"
stance_charge_se,Charge stance effect,,5,1,"clear_on_death,clear_on_battle,clear_on_connect,clear_on_policy"
stance_shooting_se,Shooting stance effect,,5,1,"clear_on_death,clear_on_battle,clear_on_connect,clear_on_policy"
stance_sniping_se,Sniper stance effect,,5,2,"clear_on_death,clear_on_battle,clear_on_connect,clear_on_policy"
head_injury,Head injury,Head injured.,1,1,clear_on_death
body_injury,Body injury,Body injured.,1,1,clear_on_death
leg_injury,Leg injury,Legs injured.,1,1,clear_on_death
tail_injury,Tail injury,Tail injured.,1,1,clear_on_death
head_injury_raptor,Tooth damage,Teeth damaged; damage down.,1,1,clear_on_death
head_injury_direwolf,Tooth damage,Teeth damaged; damage down.,1,1,clear_on_death
head_injury_stego,Concussion,Dazed; accuracy down.,1,1,clear_on_death
head_injury_tricera,Horn damage,Horns damaged; damage down.,1,1,clear_on_death
head_injury_brachio,Concussion,Dazed; accuracy down.,1,1,clear_on_death
body_injury_default,Organ damage,Organs damaged; HP regen slowed.,6,1,clear_on_death
leg_injury_raptor,Slowed feet,Legs damaged; hard to dodge.,1,1,clear_on_death
leg_injury_direwolf,Slowed feet,Legs damaged; hard to dodge.,1,1,clear_on_death
leg_injury_stego,Slowed feet,Legs damaged; hard to dodge.,1,1,clear_on_death
leg_injury_tricera,Slowed feet,Legs damaged; hard to dodge.,1,1,clear_on_death
leg_injury_brachio,Slowed feet,Legs damaged; hard to dodge.,1,1,clear_on_death
tail_injury_raptor,Lost balance,Lost balance; accuracy down.,1,1,clear_on_death
tail_injury_direwolf,Lost balance,Lost balance; accuracy down.,1,1,clear_on_death
tail_injury_stego,Tail muscle damage,Tail muscles damaged; damage down.,1,1,clear_on_death
tail_injury_tricera,Lost balance,Lost balance; accuracy down.,1,1,clear_on_death
tail_injury_brachio,Tail muscle damage,Tail muscles damaged; damage down.,1,1,clear_on_death
death_penalty,Dizziness,Nauseous and dizzy; accuracy slightly down.,1,1,clear_on_death
death_count,Revive aftereffect,"The more you die, the less health revives restore.",1,0,
death_aftereffect_revive_immediately,Instant-revive aftereffect,"Revive restores less health, but animals avoid your strange smell for a while.",1,0,clear_on_death
clan_gathering_plant,Plant gathering research,Tribe research improves plant gathering.,1,1,
clan_gathering_mine,Mineral gathering research,Tribe research improves mineral gathering.,1,1,
clan_gathering_animal,Animal butchery research,Tribe research improves animal butchery.,1,1,
clan_craft_tool,Tool crafting research,Tribe research improves tool crafting.,1,3,
clan_craft_clothes,Apparel crafting research,Tribe research improves apparel crafting.,1,2,
clan_craft_cook,Cooking research,Tribe research improves cooking.,1,1,
clan_craft_construction,Architecture research,Tribe research improves construction.,1,3,
clan_adventure_survival,Survival research,Tribe research improves survival.,1,6,
clan_adventure_ecology,Ecology research,Tribe research improves ecology.,1,2,
clan_combat_attack,Attack research,Tribe research improves attack.,1,2,
clan_combat_defense,Defense research,Tribe research improves defense.,1,2,
clan_combat_recovery,Recovery research,Tribe research improves recovery.,1,2,
test_exp_bonus,EXP gain up,Internal test status.,10,1,
test_tstone_bonus,Tstone gain up,Internal test status.,10,1,
test_reduce_sail_cost,Sailing cost down,Internal test status.,1,1,
test_reduce_warp_cost,Warp cost down,Internal test status.,1,1,
clan_prevent_item_drop,Prevent item loss,Lose fewer belongings on death. Effect shrinks as you level.,1,1,
clan_growth_buff,Tribe bonus,Tribe members' pooled EXP boosts everyone's exploration.,1,1,
login_shield,Protection,Excluded from other players' targets for a while.,1,0,"clear_on_move,clear_on_teleport,clear_on_interaction"
camp_fire,Coziness,At camp; less tired.,1,11,clear_on_death
poison_poo,Dung poison,Dung on hands caused a rash; fatigue up.,19,1,clear_on_death
bleeding_neverstop,Abnormal bleeding,Wound won't stop bleeding; health drains.,61,1,clear_on_death
dirty_saliva,Drool-covered,Soaked in drool; fatigue up.,61,1,clear_on_death
tetanus,Tetanus,Scratched by dirty claws; energy drains.,61,1,clear_on_death
bleeding_inner,Internal bleeding,Internal injury; HP drains.,61,1,clear_on_death
poison_gas,Stench,Exposed to foul gas; accuracy and stealth down.,61,2,clear_on_death
poison_plant_moving,Carnivorous-plant poison,Touched a poison stem; max health down.,61,1,clear_on_death
poison_lizard,Lizard poison,Hit by lizard poison; max health down.,61,1,clear_on_death
poison_bug_bee,Bee sting,Stung by bees; crit chance down.,61,1,clear_on_death
poison_bug_sticky,Bug bite,Bitten by bugs; accuracy down.,61,1,clear_on_death
poison_poison_sac,Poison sac poisoning,Rash from poison-sac gathering; fatigue up.,61,1,clear_on_death
poison_heat,Heat poison,Caught heat poison gathering tropical plants; health down.,61,1,clear_on_death
immune_collect,Prevent rash,Rash-immune till meds wear off; prevents dung/sac poison.,61,1,clear_on_death
immune_bleeding_neverstop,Prevent abnormal bleeding,Prevents abnormal bleeding till meds wear off.,61,1,clear_on_death
immune_tetanus,Prevent tetanus,Prevents tetanus till meds wear off.,61,1,clear_on_death
immune_bleeding_inner,Prevent internal bleeding,Prevents internal bleeding till meds wear off.,61,1,clear_on_death
immune_gas,Prevent poison gas,Immune to poison gas till meds wear off.,61,1,clear_on_death
immune_plant_moving,Prevent plant poison,Immune to plant poison till meds wear off.,61,1,clear_on_death
immune_lizard,Prevent lizard poison,Immune to lizard poison till meds wear off.,61,1,clear_on_death
immune_bug,Prevent bug poison,Immune to bee/bug poison till meds wear off.,61,1,clear_on_death
cure_poison_collect,Treat rash,Dung and sac poison cured.,1,0,clear_on_death
cure_bleeding_neverstop,Cure blood poison,Blood poison recovered.,1,0,clear_on_death
cure_tetanus,Treat tetanus,Tetanus cured.,1,0,clear_on_death
cure_bleeding_inner,Treat internal bleeding,Internal bleeding recovered.,1,0,clear_on_death
cure_poison_gas,Cure poison gas,Poison gas cured.,1,0,clear_on_death
cure_poison_plant_moving,Cure plant poison,Plant poison cured.,1,0,clear_on_death
cure_poison_lizard,Cure lizard poison,Lizard poison cured.,1,0,clear_on_death
cure_poison_bug,Cure bug poison,Can cure bee and bug poison.,1,0,clear_on_death
cure_poison_heat,Treat & prevent heat poison,Treats and prevents heat poison.,1,1,clear_on_death
cure_bleeding,Painkiller effect,Painkillers numb bleeding pain,1,0,clear_on_death
effect_coffee_drip,Coffee effect,Coffee washes frustration and fatigue away.,60,1,clear_on_death
effect_coffee_dutch,Coffee effect,Coffee washes frustration and fatigue away.,60,1,clear_on_death
vitalize,Awakening,Awakened; active longer.,1,1,clear_on_death
effect_cactus_juice,Cactus effect,Cactus juice takes the edge off.,60,2,clear_on_death
delight_of_discovery,Joy of discovery,Found an important spot; forgot fatigue.,60,1,clear_on_death
30days_package,Monthly package,Daily mail: hen chicken and warp gems,1,1,
7days_package,7-day pass package,Lasts 7 days,1,1,
15days_package,15-day pass package,Lasts 15 days,1,1,
welcome_package,Fast level-up package,Lasts till character/lineage lv60,1,2,valid_until_skill_60
selfimprovement_package,Self-improvement,,1,2,
exp_1.2_event,EXP & skill 20% event,,1,2,
exp_1.5_event,EXP & skill 50% event,,1,2,
exp_2_event,EXP & skill 100% event,,1,2,
skill_exp_1.2_event,Skill 20% event,,1,1,
skill_exp_1.5_event,Skill 50% event,,1,1,
skill_exp_2_event,Skill 100% event,,1,1,
advanced_taming_research,Advanced taming research,Can tame more kinds of animals.,1,6,
advanced_battle_research,Advanced combat research,Combat improved.,1,6,
advanced_gathering_research,Advanced gathering research,Better odds of latent/rare traits when gathering.,1,1,
life_incr,Stops bleeding,Bleeding stops; HP up.,10,1,
life_decr,Bleeding,Bleeding; HP down.,10,1,
health_incr,Regeneration,Wounds heal; health up.,10,1,
health_decr,Deep wound,Deep wound; health down.,10,1,
stamina_incr,Deep emotion,Something good happened; stamina up.,10,1,
stamina_decr,Disappointment,Disappointed; stamina down.,10,1,
energy_incr,Vigor,Full of vigor; energy up.,10,1,
energy_decr,Despair,Hopeless; energy down.,10,1,
hit_rate_incr,Focus,Focused; accuracy up.,10,1,
hit_rate_decr,Distracted,Can't focus; accuracy down.,10,1,
sadism,Sadism,HP up.,10,1,
animal_rage,Rage,Enraged; attacks stronger.,60,1,
animal_exhausted,Fatigue,Exhausted; can barely dodge.,60,1,
life_allo_phase01,Allosaurus excitement,Excited Allosaurus regens a bit more HP.,1,1,
life_allo_phase02,Allosaurus rage,Furious Allosaurus regens HP fast.,1,1,
exertion_headache,Exercise headache,Head throbs. Trying to heal further seems risky.,1,0,
test_selfimprovement_package,Test self-improvement effect,"Skill research -20% time, tstone +5%.",1,2,
attention,Taunted,Taunted; can't switch targets.,60,0,"clear_on_death,clear_on_connect,clear_on_battle"
survival_exp_1.5_event,Survival skill 50% event,,1,1,
survival_exp_2_event,Survival skill 100% event,,1,1,
survival_exp_3_event,Survival skill 200% event,,1,1,
survival_exp_4_event,Survival skill 300% event,,1,1,
melee_exp_1.5_event,Melee skill 50% event,,1,1,
melee_exp_2_event,Melee skill 100% event,,1,1,
melee_exp_3_event,Melee skill 200% event,,1,1,
melee_exp_4_event,Melee skill 300% event,,1,1,
ranged_exp_1.5_event,Archery skill 50% event,,1,1,
ranged_exp_2_event,Archery skill 100% event,,1,1,
ranged_exp_3_event,Archery skill 200% event,,1,1,
ranged_exp_4_event,Archery skill 300% event,,1,1,
defense_exp_1.5_event,Defense skill 50% event,,1,1,
defense_exp_2_event,Defense skill 100% event,,1,1,
defense_exp_3_event,Defense skill 200% event,,1,1,
defense_exp_4_event,Defense skill 300% event,,1,1,
butchery_exp_1.5_event,Butchery skill 50% event,,1,1,
butchery_exp_2_event,Butchery skill 100% event,,1,1,
butchery_exp_3_event,Butchery skill 200% event,,1,1,
butchery_exp_4_event,Butchery skill 300% event,,1,1,
gathering_exp_1.5_event,Gathering skill 50% event,,1,1,
gathering_exp_2_event,Gathering skill 100% event,,1,1,
gathering_exp_3_event,Gathering skill 200% event,,1,1,
gathering_exp_4_event,Gathering skill 300% event,,1,1,
cooking_exp_1.5_event,Cooking skill 50% event,,1,1,
cooking_exp_2_event,Cooking skill 100% event,,1,1,
cooking_exp_3_event,Cooking skill 200% event,,1,1,
cooking_exp_4_event,Cooking skill 300% event,,1,1,
weaponcrafting_exp_1.5_event,Weapon/tool skill 50% event,,1,1,
weaponcrafting_exp_2_event,Weapon/tool skill 100% event,,1,1,
weaponcrafting_exp_3_event,Weapon/tool skill 200% event,,1,1,
weaponcrafting_exp_4_event,Weapon/tool skill 300% event,,1,1,
armorcrafting_exp_1.5_event,Clothing skill 50% event,,1,1,
armorcrafting_exp_2_event,Clothing skill 100% event,,1,1,
armorcrafting_exp_3_event,Clothing skill 200% event,,1,1,
armorcrafting_exp_4_event,Clothing skill 300% event,,1,1,
constructing_exp_1.5_event,Construction skill 50% event,,1,1,
constructing_exp_2_event,Construction skill 100% event,,1,1,
constructing_exp_3_event,Construction skill 200% event,,1,1,
constructing_exp_4_event,Construction skill 300% event,,1,1,
farming_exp_1.5_event,Farming skill 50% event,,1,1,
farming_exp_2_event,Farming skill 100% event,,1,1,
farming_exp_3_event,Farming skill 200% event,,1,1,
farming_exp_4_event,Farming skill 300% event,,1,1,
process_exp_1.5_event,Processing skill 50% event,,1,1,
process_exp_2_event,Processing skill 100% event,,1,1,
process_exp_3_event,Processing skill 200% event,,1,1,
process_exp_4_event,Processing skill 300% event,,1,1,
weaponcraft_plus_01_event,Weapon craft up event,Weapon crafting up.,1,1,
armorcraft_plus_01_event,Clothing craft up event,Clothing crafting up.,1,1,
tailor_plus_01_event,Sewing up event,Sewing up.,1,1,
handicraft_plus_01_event,Handicraft up event,Handicraft up.,1,1,
smith_plus_01_event,Metalwork up event,Metalwork up.,1,1,
construction_plus_01_event,Construction up event,Construction up.,1,1,
furnishing_plus_01_event,Furniture craft up event,Furniture crafting up.,1,1,
cook_plus_01_event,Cooking up event,Cooking up.,1,1,
farming_plus_01_event,Farming up event,Farming up.,1,1,
gathering_plus_01_event,Plant gathering up event,Plant gathering up.,1,1,
mining_plus_01_event,Mining up event,Mining up.,1,1,
butchering_plus_01_event,Butchery up event,Butchery up.,1,1,
returner,Returned pioneer,,60,1,
nausea,Nausea,Oil-island fatigue causes nausea. Lower fatigue past a point to settle it.,1,1,clear_on_death
headache,Confusion,"Oil-island climate fatigue leaves you reeling, about to collapse. Lower fatigue past a point.",1,2,clear_on_death
mental_confusion,Confusion,"Oil-island climate fatigue leaves you reeling, about to collapse. Lower fatigue past a point.",1,4,clear_on_death
s02_inside,Fog shelter effect,Built shelter against the oil-island climate. Softens the oil fog.,1,2,
s02_inside_02,Chimney fog shelter effect,Built shelter against the oil-island climate. Greatly softens the oil fog.,1,2,
poison_oil,Oil poison,Caught oil poison while gathering; health slightly down. Proper clothing lowers the odds.,1,1,clear_on_death
s02_longlife,Stable meal effect,Stable food speeds HP and fatigue recovery.,10,1,4
cure_poison_oil,Cure oil poison,Oil poison cured.,1,0,clear_on_death
immune_poison_oil,Oil-poison immunity,Immune to oil-poison damage for the duration.,20,1,clear_on_death
s02_energetic,Vitality,Energized; fatigue slightly down.,1,1,clear_on_death
pet_master_charming,Cuteness burst,Cuteness reduces fatigue.,10,1,clear_on_death
pet_exp_1.2,Pet EXP +20%,Companion pet EXP +20% (doesn't stack with character EXP events).,1,1,
pet_exp_1.5,Pet EXP +50%,Companion pet EXP +50% (doesn't stack with character EXP events).,1,1,
pet_exp_2,Pet EXP +100%,Companion pet EXP +100% (doesn't stack with character EXP events).,1,1,
pet_life_incr,Pet HP up,Bleeding stops; HP up.,10,1,
pet_exp_1.2_event,Pet EXP +20%,Companion pet EXP +20% (doesn't stack with character EXP events).,1,1,
pet_exp_1.5_event,Pet EXP +50%,Companion pet EXP +50% (doesn't stack with character EXP events).,1,1,
pet_exp_2_event,Pet EXP +100%,Companion pet EXP +100% (doesn't stack with character EXP events).,1,1,
pet_speed_amplifier,Pet speed amp,Pet speed amplified.,10,1,
pet_speed_plus,Pet speed up,Pet speed up.,10,1,
pet_bag_amplifier,Pet bag capacity amp,Pet bag capacity amplified.,10,1,
pet_bag_plus,Pet bag capacity up,Pet bag capacity up.,10,1,
pet_attack_amplifier,Pet attack amp,Pet attack amplified.,10,1,
pet_attack_plus,Pet attack up,Pet attack up.,10,1,
pet_defense_amplifier,Pet defense amp,Pet defense amplified.,10,1,
pet_defense_plus,Pet defense up,Pet attack up.,10,1,
pet_cooltime_ratio,Pet cooldown down,Pet cooldown down; attacks faster.,10,1,
pet_life_max_amplifier,Pet max HP amp,Pet max HP amplified.,10,1,
pet_life_max_plus,Pet max HP up,Pet max HP up.,10,1,
pet_life_regen_amplifier,Pet regen amp,Pet hourly regen amplified.,10,1,
pet_life_regen_plus,Pet regen up,Pet hourly regen up.,10,1,
pet_accuracy_amplifier,Pet accuracy amp,Pet accuracy amplified on attack.,10,1,
pet_accuracy_plus,Pet accuracy up,Pet accuracy up on attack.,10,1,
clean_pet,Licked clean,Pet licked you. Weird but clean; heat and fatigue bearable.,10,1,clear_on_death
clean_pet_02,Seawater wash,Pet splashed seawater on you. Salty but clean; heat and fatigue bearable.,10,1,clear_on_death
life_up_pet,Medic support,Pet support slowly restores HP.,10,1,clear_on_death
stamina_up_pet,Rear support,Pet cheers speed stamina regen.,10,1,clear_on_death
pet_vitality_ratio,Pet vigor decay slowed,Pet vigor decays slower.,10,1,
excited_pet,Friendliness,Pet friendliness makes fatigue bearable.,10,1,clear_on_death
energetic_pet,Mutual aid,Pet help reduces energy use.,10,1,clear_on_death
mood_bubbly,Cute mood,Max energy up.,30,0,"clear_on_lookaround,clear_on_death"
mood_horrible,Gloomy mood,Pet preemptive range down.,30,0,"clear_on_lookaround,clear_on_death"
mood_luxurious,Luxurious mood,Shorter fullness from cooked food.,30,0,"clear_on_lookaround,clear_on_death,clear_on_leave_room"
energy_regen_by_food,Energy regen,Food steadily restores energy.,1,0,clear_on_death
set_bedroom,Bedroom set effect,Set-composition effect.,60,0,"clear_on_death,clear_on_leave_room"
set_kitchen,Kitchen set effect,Set-composition effect.,60,0,"clear_on_death,clear_on_leave_room"
set_drawingroom,Parlor set effect,Set-composition effect.,60,0,"clear_on_death,clear_on_leave_room"
set_dressroom,Dressing-room set effect,Set-composition effect.,60,0,"clear_on_death,clear_on_leave_room"
search_poi,Search aftereffect,Energy down after searching.,60,1,clear_on_death
fatigue_warning,Tiredness,Fatigue and hunger set in.,10,1,clear_on_levelup
fatigue_notice,Hardship,Exhausted and hungry.,10,1,clear_on_levelup
living_tech_butchering,Butchery research,Butchery up.,3,1,
living_tech_armorcraft,Clothing crafting research,Clothing crafting up.,3,1,
living_tech_tailor,Sewing research,Sewing up.,3,1,
living_tech_cook,Cooking research,Cooking up.,3,1,
living_tech_dodge,Evasion research,Evasion up.,1,1,
living_tech_energy,Energy research,Max energy up.,1,1,
living_tech_hiding,Stealth research,Stealth up.,1,1,
light_tech_gathering,Plant gathering research,Plant gathering up.,3,1,
light_tech_farming,Farming research,Farming up.,3,1,
light_tech_handicraft,Handicraft research,Handicraft up.,3,1,
light_tech_furnishing,Furniture research,Furniture crafting up.,3,1,
light_tech_attack,Attack power research,Attack up.,1,1,
light_tech_accuracy,Accuracy research,Combat accuracy up.,1,1,
heavy_tech_disassembling,Disassembly research,Disassembly up.,3,1,
heavy_tech_mining,Mining research,Mining up.,3,1,
heavy_tech_weaponcraft,Weapon crafting research,Weapon crafting up.,3,1,
heavy_tech_smith,Metalwork research,Metalwork up.,3,1,
heavy_tech_construction,Construction research,Construction up.,3,1,
heavy_tech_attack_rating,Armor pierce research,Armor pierce up.,1,1,
heavy_tech_critical,Critical research,Combat crit up.,4,1,
temporary_fortune_craft,One luck: crafting,Next craft's jackpot odds up.,1,1,clear_on_craft
temporary_concentration_craft,One focus: crafting,"Next craft's success rate up, even past 99%.",1,1,clear_on_craft
rainy_fortune_collect,Rainy luck: gathering,Rainy-day gathering jackpot odds up.,1,1,
rainy_fortune_craft,Rainy luck: crafting,Rainy-day crafting jackpot odds up.,1,1,
stable_immersion_collect,Steady focus: gathering,Faster gathering on personal/city islands.,1,1,
stable_immersion_craft,Steady focus: crafting,Faster crafting on personal/city islands.,1,1,
sadism_minor,Lesser sadism,HP slightly up.,10,1,
eat_bizarre_food,Bizarre food,"If you eat this, what can't you?",1,1,clear_on_death
mood_classroom01,Classroom mood,Learning cuts skill research time.,1,0,
mood_classroom02,Studious mood,Studious mood cuts skill research time.,1,0,
mood_springtime,Spring mood,Fresh spring air; good things feel near.,30,0,
energy_regen_by_trampoline_01,Energy burst!,Huge fun; energy bursts.,1,1,"clear_on_death,clear_on_move"
energy_regen_by_rocking_horse_01,Childlike heart,Childhood memories heal mind and body.,1,2,"clear_on_death,clear_on_move"
test_skill_package,Skill package,Lasts till character/lineage lv55.,1,3,valid_until_skill_55
welcome_package_55lv,Fast lv55 package,Till lv55. Instant skill research!,1,3,valid_until_skill_55
premium_support_package,Advanced support package,"Faster craft/gather/build/farm with better success! Daily bonus: map opens, instant revives, skill unlearns.",1,3,
warp_rush_reward_increase_50,Warp rush +50%,Warp rush stones 150% (bonus 50%).,1,1,
warp_rush_reward_increase_100,Warp rush +100%,Warp rush stones 200% (bonus 100%).,1,1,
warp_rush_reward_increase_200,Warp rush +200%,Warp rush stones 300% (bonus 200%).,1,1,
artifact_reaction_heat_resistant,Using building,Using buildings boosts climate survival.,1,3,
random_number_piece_package,Random shard package,30 random shards daily.,1,0,
effect_jasmine,Jasmine scent,Jasmine scent reduces energy use.,2,1,clear_on_death
life_health_up_pet,Festival start!,Rousing cheers restore HP and health.,10,2,clear_on_death
drunk,Refreshment,Cool drink makes fatigue bearable!,1,2,clear_on_death
artifact_reaction_great_success_plus,Using building,Using buildings boosts crafting jackpot odds.,1,1,
master_attack_up_pet,Hit harder!,Clown Compy cheers boost attack.,3,1,clear_on_death
unlimited_pet_vigor,Infinite vigor,Pet vigor never drops.,30,1,exclusive_unlimited_pet_vigor
unlimited_pet_vigor_1d,Infinite vigor,Pet vigor never drops.,1,1,exclusive_unlimited_pet_vigor
tea_effect_01,Stat boost,Ate food; abilities improved.,70,1,
tea_effect_02,Stat boost,Ate food; abilities improved.,70,1,
unlimited_pet_vigor_3d,Infinite vigor,Pet vigor never drops.,1,1,exclusive_unlimited_pet_vigor
event_reduce_warp_cost,Warp cost down,Warp-hole travel costs less.,1,1,
clean_volcanic_lake_01,Onsen: health regen,Onsen baths close wounds; health regens.,10,1,"clear_on_death,clear_on_connect"
clean_volcanic_lake_02,Onsen: attack up,Onsen bath invigorates; attack up.,10,1,"clear_on_death,clear_on_connect"
wet_volcanic_lake,Onsen damp,Soaked in the onsen; safe from volcanic storms.,10,2,"clear_on_death,clear_on_connect"
volcanic_storm_sign,Omen,Stamina drains. A volcanic storm is coming.,10,1,"clear_on_death,clear_on_connect"
volcanic_storm,Volcanic storm,Health drains. Get in an onsen or wear storm gear.,10,1,"clear_on_death,clear_on_connect"
lava,Lava damage,Touched lava; HP drops hard.,10,1,clear_on_death
burn,Burn,Burned; health drains. Get in water nearby.,10,1,clear_on_death
immune_lava,Lava immunity,Immune to lava damage.,1,1,clear_on_death
immune_volcanic_storm,Storm immunity,Immune to volcanic storms.,1,1,clear_on_unequipped
mood_fiery,Heated mood,Attack up.,30,0,"clear_on_lookaround,clear_on_death"
iguana_great_success_craft,Shining hands,Crafting jackpot odds up.,10,1,
tyrano_shout,Tyranno roar,Tyranno roar wrecks eardrums.,10,1,clear_on_death
immune_tyrano_shout,Eardrum guard,Can't hear the Tyranno roar.,10,1,clear_on_unequipped
iguana_fire_dung,Ember,Hit by iguana embers; damage down.,10,1,"clear_on_death,clear_on_connect"
immune_iguana_fire_dung,Prevent embers,Immune to spot-iguana embers.,10,1,clear_on_unequipped
tyrano_bruise,Bruise,Headbutted by a Tyranno; bruised.,10,1,clear_on_death
tyrano_rage_01,Tyrannosaurus excitement,Tyrannosaurus excited; attacks harder.,1,2,clear_on_death
tyrano_rage_02,Tyrannosaurus rage,Tyrannosaurus furious; attacks much harder.,1,2,clear_on_death
tyrano_rage_03,Tyrannosaurus fury,Tyrannosaurus enraged; attacks unstoppably.,1,2,clear_on_death
hadro_cheer_up,Combat cheer,Combat improved.,10,6,clear_on_death
immune_burn,Burn immunity,Immune to burns.,10,1,clear_on_unmount
artifact_reaction_volcanic_heat_resistant,Using sauna,Cold bath helps endure volcanic heat.,1,1,
food_energy_incr,Ongoing energy regen,Full of nutrition; energy keeps rising.,10,1,clear_on_death
event_statue_aura,Statue aura,,1,2,
rest_sauna_01,Using sauna,Resting somewhere proper melts fatigue away.,60,2,"clear_on_death,clear_on_move"
immune_lava_2,Lava immunity,Immune to lava damage.,1,1,clear_on_unequipped
food_max_health_energy_incr,Energizing sweetness,Tasty food raises max health and energy.,60,2,clear_on_death
food_fatigue_decr,Cool drink,Cool drink relieves fatigue.,60,1,clear_on_death
engagement_reward,Play focus check,"Max health +150, max energy +50.",1,2,
pvp_fog,Fog,Fog blocks sight; can't enter combat mode. Gear/food OK.,1,0,clear_on_death
pvp_rain,Rain,Fog lifted; in combat mode. Can't leave it or use items.,1,0,clear_on_death
pvp_storm,Storm,Storm rages; health drops. Shelters protect.,1,1,"clear_on_death,clear_on_connect,clear_on_inside_room"
pvp_hypothermy,Hypothermia,Storm too fierce even for shelters; health drops.,1,1,clear_on_death
pvp_shelter,Shelter,Sheltered from the storm; health safe.,1,1,"clear_on_death,clear_on_connect"
climate_nervous,Unease,Unprecedented storms; the island feels uneasy.,1,0,clear_on_connect
climate_strange_phenomenon,Strange phenomenon,Warp abuse keeps Durango weather strange.,1,0,clear_on_connect
fruit_sandwich_effects,Fruit sandwich,Ate food; abilities improved.,1,9,clear_on_death
epic_lama_deodorant,Deodorizer,Scent gone; animals don't notice you.,60,1,clear_on_teleport
