id,biome,kind,role,level,herd_total,craters,elite,reachable,active,herd_animals
op60tr170712,Tropical,Special,Pioneer/colony,60,100,0,,no,,"land:100 (Lizard×10, Striped Compsognathus×10, Pictaraptor×10, Raptor×10, Macrauchenia×10, Kentrosaurus×10)"
op60tr171228,Tropical,Special,Pioneer/colony,60,140,0,,no,,"land:140 (Lizard×10, Striped Compsognathus×7, Pictaraptor×7, Raptor×7, Macrauchenia×7, Kentrosaurus×7)"
op60tr180220,Tropical,Special,Pioneer/colony,60,140,0,,no,yes,"land:140 (Lizard×10, Striped Compsognathus×7, Pictaraptor×7, Raptor×7, Macrauchenia×7, Kentrosaurus×7)"
op60te170615,Temperate,Special,Pioneer/colony,60,110,0,,no,,"land:110 (Dodophysis×10, Deinonychus×10, Direwolf×10, Male Megaloceros×10, Pavomimus×10, Centrosaurus×10)"
op60te171228,Temperate,Special,Pioneer/colony,60,137,0,,no,,"land:137 (Dodophysis×7, Deinonychus×7, Direwolf×7, Male Megaloceros×7, Pavomimus×7, Centrosaurus×7)"
op60te180220,Temperate,Special,Pioneer/colony,60,137,0,,no,yes,"land:137 (Dodophysis×7, Deinonychus×7, Direwolf×7, Male Megaloceros×7, Pavomimus×7, Centrosaurus×7)"
op60tr170615,Tropical,Special,Pioneer/colony,60,100,0,,no,,"land:100 (Lizard×10, Striped Compsognathus×10, Pictaraptor×10, Raptor×10, Macrauchenia×10, Kentrosaurus×10)"
tr60te170613,Temperate,,Pioneer/colony,60,150,0,,no,,"lake_shallow:10 (Chasmosaurus×5, Protoceratops×5); lake_deep:10 (Male Megaloceros×10); land:110 (Oviraptor×10, Albirraptor×10, Pictaraptor×90); beach:10 (Ankylosaurus×5, Euoplocephalus×5); ocean:10 (Parasaurolophus×10)"
tr60te170511,Temperate,,Pioneer/colony,60,150,0,,no,,"lake_shallow:10 (Chasmosaurus×5, Protoceratops×5); lake_deep:10 (Male Megaloceros×10); land:110 (Oviraptor×10, Albirraptor×10, Pictaraptor×90); beach:10 (Ankylosaurus×5, Euoplocephalus×5); ocean:10 (Parasaurolophus×10)"
s30te161129,,,Pioneer/colony,,0,0,,no,,
s30gr161026,,,Pioneer/colony,,0,0,,no,,
pe10gr_1,Grassland,Personal island,Personal island,10,0,0,,yes,yes,
pe10gr_2,Grassland,Personal island,Personal island,10,0,0,,yes,yes,
pe10gr_3,Grassland,Personal island,Personal island,10,0,0,,yes,yes,
pe10gr_4,Grassland,Personal island,Personal island,10,0,0,,yes,yes,
pe10gr_5,Grassland,Personal island,Personal island,10,0,0,,yes,yes,
ri15sa171228,Savanna,Stable island,Normal island,15,40,0,,no,yes,"land:40 (Elephantulus×8, Lizard×8, Zebra Ceratops×8, Achenicus×16)"
ri20te171228,Temperate,Stable island,Normal island,20,44,0,,no,yes,"land:38 (Compsognathus×8, Phenacodus×6, Macrauchenia×8, Protoceratops×8, Oviraptor×8); beach:6 (Clown Compsognathus×6)"
ri25tr180122,Tropical,Stable island,Normal island,25,40,0,,no,yes,"land:34 (Striped Compsognathus×6, Pink Protoceratops×6, Pictaraptor×6, Saurolophus×8, Raptor×8); beach:6 (Clown Compsognathus×6)"
ri15sa190710,Savanna,Stable island,Normal island,15,40,0,,yes,yes,"land:40 (Elephantulus×8, Lizard×8, Zebra Ceratops×8, Achenicus×16)"
ri20te190710,Temperate,Stable island,Normal island,20,38,0,,yes,yes,"land:38 (Compsognathus×8, Phenacodus×6, Macrauchenia×8, Protoceratops×8, Oviraptor×8)"
ri25tr190710,Tropical,Stable island,Normal island,25,34,0,,yes,yes,"land:34 (Striped Compsognathus×6, Pink Protoceratops×6, Pictaraptor×6, Saurolophus×8, Raptor×8)"
ri30tu171228,Tundra,Stable island,Normal island,30,30,0,,yes,yes,"land:30 (Dodophysis×6, Male Megaloceros×6, Direwolf×6, Coelophysis×6, Centrosaurus×6)"
ri30tuSub01,Tundra,Stable island,Normal island,30,15,0,,yes,yes,"land:15 (Dodophysis×3, Male Megaloceros×3, Direwolf×3, Coelophysis×3, Centrosaurus×3)"
ri30tuSub02,Tundra,Stable island,Normal island,30,15,0,,yes,yes,"land:15 (Dodophysis×3, Male Megaloceros×3, Direwolf×3, Coelophysis×3, Centrosaurus×3)"
ri30tuSub03_camp,Tundra,Stable island,Normal island,30,15,0,,yes,yes,"land:15 (Dodophysis×3, Male Megaloceros×3, Direwolf×3, Coelophysis×3, Centrosaurus×3)"
ri35de171228,Desert,Stable island,Normal island,35,40,0,,yes,yes,"land:40 (Oviraptor×8, Sand Lizard×8, Gallimimus×8, Kentrosaurus×8, Utahraptor×8)"
ri35deSub01,Desert,Stable island,Normal island,35,20,0,,yes,yes,"land:20 (Oviraptor×4, Sand Lizard×4, Gallimimus×4, Kentrosaurus×4, Utahraptor×4)"
ri35deSub02,Desert,Stable island,Normal island,35,20,0,,yes,yes,"land:20 (Oviraptor×4, Sand Lizard×4, Gallimimus×4, Kentrosaurus×4, Utahraptor×4)"
ri35deSub03_car,Desert,Stable island,Normal island,35,20,0,,yes,yes,"land:20 (Oviraptor×4, Sand Lizard×4, Gallimimus×4, Kentrosaurus×4, Utahraptor×4)"
ri35te171228,Temperate,Stable island,Normal island,35,54,0,,yes,yes,"land:48 (Compsognathus×8, Macrauchenia×8, Protoceratops×8, Oviraptor×8, Pavomimus×8, Stegosaurus×8); beach:6 (Clown Compsognathus×6)"
ri35teSub01,Temperate,Stable island,Normal island,35,24,0,,yes,yes,"land:24 (Compsognathus×4, Macrauchenia×4, Protoceratops×4, Oviraptor×4, Pavomimus×4, Stegosaurus×4)"
ri35teSub02,Temperate,Stable island,Normal island,35,24,0,,yes,yes,"land:24 (Compsognathus×4, Macrauchenia×4, Protoceratops×4, Oviraptor×4, Pavomimus×4, Stegosaurus×4)"
ri35teSub03_copper,Temperate,Stable island,Normal island,35,24,0,,yes,yes,"land:24 (Compsognathus×4, Macrauchenia×4, Protoceratops×4, Oviraptor×4, Pavomimus×4, Stegosaurus×4)"
ri40tu171228,Tundra,Stable island,Normal island,40,46,0,,yes,yes,"land:46 (Male Megaloceros×8, Dodophysis×8, Direwolf×8, Coelophysis×8, Centrosaurus×7, Bonussaurus×7)"
ri40tuSub01,Tundra,Stable island,Normal island,40,22,0,,yes,yes,"land:22 (Male Megaloceros×4, Dodophysis×4, Direwolf×4, Coelophysis×4, Centrosaurus×3, Bonussaurus×3)"
ri40tuSub02,Tundra,Stable island,Normal island,40,22,0,,yes,yes,"land:22 (Male Megaloceros×4, Dodophysis×4, Direwolf×4, Coelophysis×4, Centrosaurus×3, Bonussaurus×3)"
ri40tuSub03_powerbox,Tundra,Stable island,Normal island,40,22,0,,yes,yes,"land:22 (Male Megaloceros×4, Dodophysis×4, Direwolf×4, Coelophysis×4, Centrosaurus×3, Bonussaurus×3)"
ri40tr171228,Tropical,Stable island,Normal island,40,62,0,,yes,yes,"land:56 (Striped Compsognathus×8, Pictaraptor×8, Saurolophus×8, Deinonychus×8, Pink Protoceratops×8, Raptor×8); beach:6 (Clown Compsognathus×6)"
ri40trSub01,Tropical,Stable island,Normal island,40,28,0,,yes,yes,"land:28 (Striped Compsognathus×4, Pictaraptor×4, Saurolophus×4, Deinonychus×4, Pink Protoceratops×4, Raptor×4)"
ri40trSub02,Tropical,Stable island,Normal island,40,28,0,,yes,yes,"land:28 (Striped Compsognathus×4, Pictaraptor×4, Saurolophus×4, Deinonychus×4, Pink Protoceratops×4, Raptor×4)"
ri40trSub03_car,Tropical,Stable island,Normal island,40,28,0,,yes,yes,"land:28 (Striped Compsognathus×4, Pictaraptor×4, Saurolophus×4, Deinonychus×4, Pink Protoceratops×4, Raptor×4)"
ri45sa171228,Savanna,Stable island,Normal island,45,62,0,,yes,yes,"land:56 (Lizard×8, Elephantulus×8, Zebra Ceratops×8, Achenicus×8, Styracosaurus×8, Edmontosaurus×8); beach:6 (Clown Compsognathus×6)"
ri45saSub01,Savanna,Stable island,Normal island,45,28,0,,yes,yes,"land:28 (Lizard×4, Elephantulus×4, Zebra Ceratops×4, Achenicus×4, Styracosaurus×4, Edmontosaurus×4)"
ri45saSub02,Savanna,Stable island,Normal island,45,28,0,,yes,yes,"land:28 (Lizard×4, Elephantulus×4, Zebra Ceratops×4, Achenicus×4, Styracosaurus×4, Edmontosaurus×4)"
ri45saSub03_mud,Savanna,Stable island,Normal island,45,28,0,,yes,yes,"land:28 (Lizard×4, Elephantulus×4, Zebra Ceratops×4, Achenicus×4, Styracosaurus×4, Edmontosaurus×4)"
ri45sw171228,Swamp,Stable island,Normal island,45,40,0,,yes,yes,"land:40 (Giant Rat×8, Skunkodous×8, Coelophysis×8, Dimetrodon×8, Triceratops×8)"
ri45swSub01,Swamp,Stable island,Normal island,45,20,0,,yes,yes,"land:20 (Giant Rat×4, Skunkodous×4, Coelophysis×4, Dimetrodon×4, Triceratops×4)"
ri45swSub02,Swamp,Stable island,Normal island,45,20,0,,yes,yes,"land:20 (Giant Rat×4, Skunkodous×4, Coelophysis×4, Dimetrodon×4, Triceratops×4)"
ri45swSub03_billboard,Swamp,Stable island,Normal island,45,20,0,,yes,yes,"land:20 (Giant Rat×4, Skunkodous×4, Coelophysis×4, Dimetrodon×4, Triceratops×4)"
ri50de171228,Desert,Stable island,Normal island,50,56,0,,yes,yes,"land:56 (Oviraptor×8, Sand Lizard×8, Gallimimus×8, Utahraptor×8, Kentrosaurus×8, Tuojiangosaurus×8)"
ri50deSub01,Desert,Stable island,Normal island,50,28,0,,yes,yes,"land:28 (Oviraptor×4, Sand Lizard×4, Gallimimus×4, Utahraptor×4, Kentrosaurus×4, Tuojiangosaurus×4)"
ri50deSub02,Desert,Stable island,Normal island,50,28,0,,yes,yes,"land:28 (Oviraptor×4, Sand Lizard×4, Gallimimus×4, Utahraptor×4, Kentrosaurus×4, Tuojiangosaurus×4)"
ri50deSub03_overpass,Desert,Stable island,Normal island,50,28,0,,yes,yes,"land:28 (Oviraptor×4, Sand Lizard×4, Gallimimus×4, Utahraptor×4, Kentrosaurus×4, Tuojiangosaurus×4)"
ri50sn171228,Snowfield,Stable island,Normal island,50,50,0,,yes,yes,"land:50 (Dodophysis×10, White-bellied Male Megaloceros×6, Albirraptor×6, Snow Coelophysis×6, Smilodon×8, Mammoth×8)"
ri50snSub01,Snowfield,Stable island,Normal island,50,18,0,,yes,yes,"land:18 (Dodophysis×3, White-bellied Male Megaloceros×3, Albirraptor×3, Snow Coelophysis×3, Smilodon×3, Mammoth×3)"
ri50snSub02,Snowfield,Stable island,Normal island,50,18,0,,yes,yes,"land:18 (Dodophysis×3, White-bellied Male Megaloceros×3, Albirraptor×3, Snow Coelophysis×3, Smilodon×3, Mammoth×3)"
ri50snSub03_mammoth,Snowfield,Stable island,Normal island,50,30,0,,yes,yes,land:30 (Mammoth×30)
ri55tb171228,Bamboo,Stable island,Normal island,55,54,0,,yes,yes,"land:48 (Pink Protoceratops×8, Deinonychus×8, Saurolophus×8, Red-spotted Lizard×8, Parasaurolophus×8, Lower-tusk Elephant×8); beach:6 (Clown Compsognathus×6)"
ri55trSub01,Tropical,Stable island,Normal island,55,24,0,,yes,yes,"land:24 (Pink Protoceratops×4, Deinonychus×4, Saurolophus×4, Red-spotted Lizard×4, Parasaurolophus×4, Lower-tusk Elephant×4)"
ri55trSub02,Tropical,Stable island,Normal island,55,24,0,,yes,yes,"land:24 (Pink Protoceratops×4, Deinonychus×4, Saurolophus×4, Red-spotted Lizard×4, Parasaurolophus×4, Lower-tusk Elephant×4)"
ri55trSub03_camp,Tropical,Stable island,Normal island,55,24,0,,yes,yes,"land:24 (Pink Protoceratops×4, Deinonychus×4, Saurolophus×4, Red-spotted Lizard×4, Parasaurolophus×4, Lower-tusk Elephant×4)"
ri55tu171228,Tundra,Stable island,Normal island,55,46,0,,yes,yes,"land:46 (Dodophysis×8, Direwolf×8, Male Megaloceros×8, Centrosaurus×8, Coelophysis×7, Ornithomimus×7)"
ri55tuSub01,Tundra,Stable island,Normal island,55,23,0,,yes,yes,"land:23 (Dodophysis×4, Direwolf×4, Male Megaloceros×4, Centrosaurus×4, Coelophysis×4, Ornithomimus×3)"
ri55tuSub02,Tundra,Stable island,Normal island,55,23,0,,yes,yes,"land:23 (Dodophysis×4, Direwolf×4, Male Megaloceros×4, Centrosaurus×4, Coelophysis×4, Ornithomimus×3)"
ri55tuSub03_camp,Tundra,Stable island,Normal island,55,23,0,,yes,yes,"land:23 (Dodophysis×4, Direwolf×4, Male Megaloceros×4, Centrosaurus×4, Coelophysis×4, Ornithomimus×3)"
ri55sw171228,Swamp,Stable island,Normal island,55,40,0,,yes,yes,"land:40 (Giant Rat×8, Skunkodous×8, Coelophysis×8, Dimetrodon×8, Triceratops×8)"
ri55swSub01,Swamp,Stable island,Normal island,55,20,0,,yes,yes,"land:20 (Giant Rat×4, Skunkodous×4, Coelophysis×4, Dimetrodon×4, Triceratops×4)"
ri55swSub02,Swamp,Stable island,Normal island,55,20,0,,yes,yes,"land:20 (Giant Rat×4, Skunkodous×4, Coelophysis×4, Dimetrodon×4, Triceratops×4)"
ri55swSub03_billboard,Swamp,Stable island,Normal island,55,20,0,,yes,yes,"land:20 (Giant Rat×4, Skunkodous×4, Coelophysis×4, Dimetrodon×4, Triceratops×4)"
ra60sn171228,Snowfield,Unstable island (terrain),Normal island,60,14,0,,yes,yes,"land:14 (Albirraptor×7, Dodophysis×7)"
ra60sw180226,Swamp,Unstable island (terrain),Normal island,60,4,0,,yes,yes,"land:4 (Skunkodous×3, Coelophysis×1)"
ri60vo180404,Volcanic,Stable island,Normal island,60,0,0,,no,,
ev40te180312,Temperate,Event,Normal island,40,3,0,,no,,"land:3 (Compsognathus×2, Phenacodus×1)"
s01_ri35tu180405,,,Normal island,,25,0,,yes,,"land:25 (Dodophysis×5, Male Megaloceros×5, Direwolf×5, Coelophysis×5, Centrosaurus×5)"
s01_ri45tr180405,,,Normal island,,17,0,,yes,,"land:17 (Striped Compsognathus×2, Pictaraptor×3, Saurolophus×2, Deinonychus×3, Pink Protoceratops×2, Raptor×2)"
s01_ri55sn180405,,,Normal island,,44,0,,yes,,"land:44 (White-furred Direwolf×8, White-bellied Male Megaloceros×5, Albirraptor×5, Snow Coelophysis×5, White-furred Smilodon×8, Mammoth×5)"
s01_ri60de180405,,,Normal island,,3,0,,yes,,"land:3 (Oviraptor×2, Sand Lizard×1)"
ev50tr180723,Tropical,Event,Normal island,50,9,0,,no,,"land:9 (Pavomimus×3, Tarbosaurus×1, Suspicious Watermelon×5)"
ev45te180803,Temperate,Event,Normal island,45,14,0,,no,,"land:14 (Dodophysis×2, Phenacodus×3, Protoceratops×3, Pachycephalosaurus×6)"
s02_ri60sw,,,Season · PvP,,28,0,,no,yes,"land:28 (Wounded Coelophysis×6, Poisoned Triceratops×3, Excited Triceratops×3, Sick Giant Rat×8, Drunk Skunkodous×8)"
test_phase,,,Season · PvP,,0,0,,no,yes,
s03_ri60sw,,,Season · PvP,,18,0,,no,yes,"land:18 (Wounded Coelophysis×4, Poisoned Triceratops×2, Excited Triceratops×2, Sick Giant Rat×5, Drunk Skunkodous×5)"
ua60snMain01,Snowfield,Unstable island,Normal island,60,50,0,,yes,yes,"land:50 (Dodophysis×10, White-bellied Male Megaloceros×6, Albirraptor×6, Snow Coelophysis×6, Smilodon×8, Mammoth×8)"
ua60snMain02_elite,Snowfield,Unstable island,Normal island,60,61,0,,yes,yes,"land:61 (Dodophysis×10, White-bellied Male Megaloceros×10, Albirraptor×10, Snow Coelophysis×10, Smilodon×10, Mammoth×10)"
ua60snMain03,Snowfield,Unstable island,Normal island,60,50,0,,yes,,"land:50 (Dodophysis×10, White-bellied Male Megaloceros×6, Albirraptor×6, Snow Coelophysis×6, Smilodon×8, Mammoth×8)"
ua60snMain04_elite,Snowfield,Unstable island,Normal island,60,61,0,,yes,,"land:61 (Dodophysis×10, White-bellied Male Megaloceros×10, Albirraptor×10, Snow Coelophysis×10, Smilodon×10, Mammoth×10)"
ua60snSub01,Snowfield,Unstable island,Normal island,60,24,0,,yes,yes,"land:24 (Dodophysis×4, White-bellied Male Megaloceros×4, Albirraptor×4, Snow Coelophysis×4, Smilodon×4, Mammoth×4)"
ua60snSub02,Snowfield,Unstable island,Normal island,60,24,0,,yes,yes,"land:24 (Dodophysis×4, White-bellied Male Megaloceros×4, Albirraptor×4, Snow Coelophysis×4, Smilodon×4, Mammoth×4)"
ua60snSub03_mammoth,Snowfield,Unstable island,Normal island,60,31,0,,yes,yes,land:31 (Mammoth×31)
ua60trMain01,Tropical,Unstable island,Normal island,60,54,0,,yes,yes,"land:48 (Pink Protoceratops×8, Deinonychus×8, Saurolophus×8, Red-spotted Lizard×8, Parasaurolophus×8, Lower-tusk Elephant×8); beach:6 (Clown Compsognathus×6)"
ua60trSub01,Tropical,Unstable island,Normal island,60,24,0,,yes,yes,"land:24 (Pink Protoceratops×4, Deinonychus×4, Saurolophus×4, Red-spotted Lizard×4, Parasaurolophus×4, Lower-tusk Elephant×4)"
ua60trSub02,Tropical,Unstable island,Normal island,60,24,0,,yes,yes,"land:24 (Pink Protoceratops×4, Deinonychus×4, Saurolophus×4, Red-spotted Lizard×4, Parasaurolophus×4, Lower-tusk Elephant×4)"
ua60trSub03_car,Tropical,Unstable island,Normal island,60,24,0,,yes,yes,"land:24 (Pink Protoceratops×4, Deinonychus×4, Saurolophus×4, Red-spotted Lizard×4, Parasaurolophus×4, Lower-tusk Elephant×4)"
ua60deMain01,Desert,Unstable island,Normal island,60,56,0,,yes,yes,"land:56 (Oviraptor×8, Sand Lizard×8, Gallimimus×8, Utahraptor×8, Kentrosaurus×8, Tuojiangosaurus×8)"
ua60deMain02_elite,Desert,Unstable island,Normal island,60,70,0,,yes,yes,"land:70 (Oviraptor×10, Sand Lizard×10, Gallimimus×10, Utahraptor×10, Kentrosaurus×10, Tuojiangosaurus×10)"
ua60deMain03,Desert,Unstable island,Normal island,60,56,0,,yes,,"land:56 (Oviraptor×8, Sand Lizard×8, Gallimimus×8, Utahraptor×8, Kentrosaurus×8, Tuojiangosaurus×8)"
ua60deMain04_elite,Desert,Unstable island,Normal island,60,70,0,,yes,,"land:70 (Oviraptor×10, Sand Lizard×10, Gallimimus×10, Utahraptor×10, Kentrosaurus×10, Tuojiangosaurus×10)"
ua60deSub01,Desert,Unstable island,Normal island,60,28,0,,yes,yes,"land:28 (Oviraptor×4, Sand Lizard×4, Gallimimus×4, Utahraptor×4, Kentrosaurus×4, Tuojiangosaurus×4)"
ua60deSub02,Desert,Unstable island,Normal island,60,28,0,,yes,yes,"land:28 (Oviraptor×4, Sand Lizard×4, Gallimimus×4, Utahraptor×4, Kentrosaurus×4, Tuojiangosaurus×4)"
ua60deSub03_car,Desert,Unstable island,Normal island,60,28,0,,yes,yes,"land:28 (Oviraptor×4, Sand Lizard×4, Gallimimus×4, Utahraptor×4, Kentrosaurus×4, Tuojiangosaurus×4)"
ua60tuMain01,Tundra,Unstable island,Normal island,60,46,0,,yes,yes,"land:46 (Dodophysis×8, Direwolf×8, Male Megaloceros×8, Centrosaurus×8, Coelophysis×7, Ornithomimus×7)"
ua60tuSub01,Tundra,Unstable island,Normal island,60,24,0,,yes,yes,"land:24 (Dodophysis×4, Direwolf×4, Male Megaloceros×4, Centrosaurus×4, Coelophysis×4, Ornithomimus×4)"
ua60tuSub02,Tundra,Unstable island,Normal island,60,24,0,,yes,yes,"land:24 (Dodophysis×4, Direwolf×4, Male Megaloceros×4, Centrosaurus×4, Coelophysis×4, Ornithomimus×4)"
ua60tuSub03_camp,Tundra,Unstable island,Normal island,60,24,0,,yes,yes,"land:24 (Dodophysis×4, Direwolf×4, Male Megaloceros×4, Centrosaurus×4, Coelophysis×4, Ornithomimus×4)"
ua60swMain01,Swamp,Unstable island,Normal island,60,40,0,,yes,yes,"land:40 (Giant Rat×8, Skunkodous×8, Coelophysis×8, Dimetrodon×8, Triceratops×8)"
ua60swMain02_elite,Swamp,Unstable island,Normal island,60,51,0,,yes,yes,"land:51 (Giant Rat×10, Skunkodous×10, Coelophysis×10, Dimetrodon×10, Triceratops×10, Apatosaurus×1)"
ua60swMain03,Swamp,Unstable island,Normal island,60,40,0,,yes,yes,"land:40 (Giant Rat×8, Skunkodous×8, Coelophysis×8, Dimetrodon×8, Triceratops×8)"
ua60swMain04_elite,Swamp,Unstable island,Normal island,60,51,0,,yes,yes,"land:51 (Giant Rat×10, Skunkodous×10, Coelophysis×10, Dimetrodon×10, Triceratops×10, Apatosaurus×1)"
ua60swMain05,Swamp,Unstable island,Normal island,60,40,0,,yes,,"land:40 (Giant Rat×8, Skunkodous×8, Coelophysis×8, Dimetrodon×8, Triceratops×8)"
ua60swMain06_elite,Swamp,Unstable island,Normal island,60,51,0,,yes,,"land:51 (Giant Rat×10, Skunkodous×10, Coelophysis×10, Dimetrodon×10, Triceratops×10, Apatosaurus×1)"
ua60swSub01,Swamp,Unstable island,Normal island,60,20,0,,yes,yes,"land:20 (Giant Rat×4, Skunkodous×4, Coelophysis×4, Dimetrodon×4, Triceratops×4)"
ua60swSub02,Swamp,Unstable island,Normal island,60,20,0,,yes,yes,"land:20 (Giant Rat×4, Skunkodous×4, Coelophysis×4, Dimetrodon×4, Triceratops×4)"
ua60swSub03_billboard,Swamp,Unstable island,Normal island,60,20,0,,yes,yes,"land:20 (Giant Rat×4, Skunkodous×4, Coelophysis×4, Dimetrodon×4, Triceratops×4)"
ri24grSub01,Grassland,Stable island,Normal island,24,0,0,,yes,,
ua60sn02Main01,Snowfield,Unstable island,Normal island,60,50,0,,yes,yes,"land:50 (Dodophysis×10, White-bellied Male Megaloceros×6, Albirraptor×6, Snow Coelophysis×6, Smilodon×8, Mammoth×8)"
ua60sn02Main02_elite,Snowfield,Unstable island,Normal island,60,61,0,,yes,yes,"land:61 (Dodophysis×10, White-bellied Male Megaloceros×10, Albirraptor×10, Snow Coelophysis×10, Smilodon×10, Mammoth×10)"
ua60sn02Main03,Snowfield,Unstable island,Normal island,60,50,0,,yes,,"land:50 (Dodophysis×10, White-bellied Male Megaloceros×6, Albirraptor×6, Snow Coelophysis×6, Smilodon×8, Mammoth×8)"
ua60sn02Main04_elite,Snowfield,Unstable island,Normal island,60,61,0,,yes,,"land:61 (Dodophysis×10, White-bellied Male Megaloceros×10, Albirraptor×10, Snow Coelophysis×10, Smilodon×10, Mammoth×10)"
ua60sn02Sub01,Snowfield,Unstable island,Normal island,60,24,0,,yes,yes,"land:24 (Dodophysis×4, White-bellied Male Megaloceros×4, Albirraptor×4, Snow Coelophysis×4, Smilodon×4, Mammoth×4)"
ua60sn02Sub02,Snowfield,Unstable island,Normal island,60,24,0,,yes,yes,"land:24 (Dodophysis×4, White-bellied Male Megaloceros×4, Albirraptor×4, Snow Coelophysis×4, Smilodon×4, Mammoth×4)"
ua60sn02Sub03_mammoth,Snowfield,Unstable island,Normal island,60,31,0,,yes,yes,land:31 (Mammoth×31)
ua60tr02Main01,Tropical,Unstable island,Normal island,60,54,0,,yes,yes,"land:48 (Pink Protoceratops×8, Deinonychus×8, Saurolophus×8, Red-spotted Lizard×8, Parasaurolophus×8, Lower-tusk Elephant×8); beach:6 (Clown Compsognathus×6)"
ua60tr02Sub01,Tropical,Unstable island,Normal island,60,24,0,,yes,yes,"land:24 (Pink Protoceratops×4, Deinonychus×4, Saurolophus×4, Red-spotted Lizard×4, Parasaurolophus×4, Lower-tusk Elephant×4)"
ua60tr02Sub02,Tropical,Unstable island,Normal island,60,24,0,,yes,yes,"land:24 (Pink Protoceratops×4, Deinonychus×4, Saurolophus×4, Red-spotted Lizard×4, Parasaurolophus×4, Lower-tusk Elephant×4)"
ua60tr02Sub03_car,Tropical,Unstable island,Normal island,60,24,0,,yes,yes,"land:24 (Pink Protoceratops×4, Deinonychus×4, Saurolophus×4, Red-spotted Lizard×4, Parasaurolophus×4, Lower-tusk Elephant×4)"
ua60de02Main01,Desert,Unstable island,Normal island,60,56,0,,yes,yes,"land:56 (Oviraptor×8, Sand Lizard×8, Gallimimus×8, Utahraptor×8, Kentrosaurus×8, Tuojiangosaurus×8)"
ua60de02Main02_elite,Desert,Unstable island,Normal island,60,70,0,,yes,yes,"land:70 (Oviraptor×10, Sand Lizard×10, Gallimimus×10, Utahraptor×10, Kentrosaurus×10, Tuojiangosaurus×10)"
ua60de02Main03,Desert,Unstable island,Normal island,60,56,0,,yes,,"land:56 (Oviraptor×8, Sand Lizard×8, Gallimimus×8, Utahraptor×8, Kentrosaurus×8, Tuojiangosaurus×8)"
ua60de02Main04_elite,Desert,Unstable island,Normal island,60,70,0,,yes,,"land:70 (Oviraptor×10, Sand Lizard×10, Gallimimus×10, Utahraptor×10, Kentrosaurus×10, Tuojiangosaurus×10)"
ua60de02Sub01,Desert,Unstable island,Normal island,60,28,0,,yes,yes,"land:28 (Oviraptor×4, Sand Lizard×4, Gallimimus×4, Utahraptor×4, Kentrosaurus×4, Tuojiangosaurus×4)"
ua60de02Sub02,Desert,Unstable island,Normal island,60,28,0,,yes,yes,"land:28 (Oviraptor×4, Sand Lizard×4, Gallimimus×4, Utahraptor×4, Kentrosaurus×4, Tuojiangosaurus×4)"
ua60de02Sub03_car,Desert,Unstable island,Normal island,60,28,0,,yes,yes,"land:28 (Oviraptor×4, Sand Lizard×4, Gallimimus×4, Utahraptor×4, Kentrosaurus×4, Tuojiangosaurus×4)"
ua60tu02Main01,Tundra,Unstable island,Normal island,60,46,0,,yes,yes,"land:46 (Dodophysis×8, Direwolf×8, Male Megaloceros×8, Centrosaurus×8, Coelophysis×7, Ornithomimus×7)"
ua60tu02Sub01,Tundra,Unstable island,Normal island,60,22,0,,yes,yes,"land:22 (Dodophysis×4, Direwolf×4, Male Megaloceros×4, Centrosaurus×4, Coelophysis×3, Ornithomimus×3)"
ua60tu02Sub02,Tundra,Unstable island,Normal island,60,22,0,,yes,yes,"land:22 (Dodophysis×4, Direwolf×4, Male Megaloceros×4, Centrosaurus×4, Coelophysis×3, Ornithomimus×3)"
ua60tu02Sub03_camp,Tundra,Unstable island,Normal island,60,22,0,,yes,yes,"land:22 (Dodophysis×4, Direwolf×4, Male Megaloceros×4, Centrosaurus×4, Coelophysis×3, Ornithomimus×3)"
ua60sw02Main01,Swamp,Unstable island,Normal island,60,40,0,,yes,yes,"land:40 (Giant Rat×8, Skunkodous×8, Coelophysis×8, Dimetrodon×8, Triceratops×8)"
ua60sw02Main02_elite,Swamp,Unstable island,Normal island,60,51,0,,yes,yes,"land:51 (Giant Rat×10, Skunkodous×10, Coelophysis×10, Dimetrodon×10, Triceratops×10, Apatosaurus×1)"
ua60sw02Main03,Swamp,Unstable island,Normal island,60,40,0,,yes,yes,"land:40 (Giant Rat×8, Skunkodous×8, Coelophysis×8, Dimetrodon×8, Triceratops×8)"
ua60sw02Main04_elite,Swamp,Unstable island,Normal island,60,51,0,,yes,yes,"land:51 (Giant Rat×10, Skunkodous×10, Coelophysis×10, Dimetrodon×10, Triceratops×10, Apatosaurus×1)"
ua60sw02Main05,Swamp,Unstable island,Normal island,60,40,0,,yes,,"land:40 (Giant Rat×8, Skunkodous×8, Coelophysis×8, Dimetrodon×8, Triceratops×8)"
ua60sw02Main06_elite,Swamp,Unstable island,Normal island,60,51,0,,yes,,"land:51 (Giant Rat×10, Skunkodous×10, Coelophysis×10, Dimetrodon×10, Triceratops×10, Apatosaurus×1)"
ua60sw02Sub01,Swamp,Unstable island,Normal island,60,20,0,,yes,yes,"land:20 (Giant Rat×4, Skunkodous×4, Coelophysis×4, Dimetrodon×4, Triceratops×4)"
ua60sw02Sub02,Swamp,Unstable island,Normal island,60,20,0,,yes,yes,"land:20 (Giant Rat×4, Skunkodous×4, Coelophysis×4, Dimetrodon×4, Triceratops×4)"
ua60sw02Sub03_billboard,Swamp,Unstable island,Normal island,60,20,0,,yes,yes,"land:20 (Giant Rat×4, Skunkodous×4, Coelophysis×4, Dimetrodon×4, Triceratops×4)"
ri15trMain01_summerclub,Tropical,Stable island,Normal island,15,10,0,,yes,,beach:10 (Shark Phenacodus×10)
ri25tr171228,Tropical,Stable island,Normal island,25,50,0,,no,,"land:50 (Striped Compsognathus×10, Pink Protoceratops×10, Pictaraptor×10, Saurolophus×10, Raptor×10)"
ri20te170712,Temperate,Stable island,Normal island,20,50,0,,no,,"land:50 (Compsognathus×10, Phenacodus×10, Macrauchenia×10, Protoceratops×10, Oviraptor×10)"
ri35de170712,Desert,Stable island,Normal island,35,50,0,,no,,"land:50 (Oviraptor×10, Sand Lizard×10, Gallimimus×10, Kentrosaurus×10, Utahraptor×10)"
ri40tr170712,Tropical,Stable island,Normal island,40,70,0,,no,,"land:70 (Striped Compsognathus×10, Pictaraptor×10, Saurolophus×10, Deinonychus×10, Pink Protoceratops×10, Raptor×10)"
ri50de170712,Desert,Stable island,Normal island,50,70,0,,no,,"land:70 (Oviraptor×10, Sand Lizard×10, Gallimimus×10, Utahraptor×10, Kentrosaurus×10, Tuojiangosaurus×10)"
ra40de170712,Desert,Unstable island (terrain),Normal island,40,2,0,,yes,,"land:2 (Utahraptor×1, Sand Lizard×1)"
ri15sa170724,Savanna,Stable island,Normal island,15,40,0,,no,,"land:40 (Elephantulus×10, Lizard×10, Zebra Ceratops×10, Achenicus×10)"
ri45sa170724,Savanna,Stable island,Normal island,45,70,0,,no,,"land:70 (Lizard×10, Elephantulus×10, Zebra Ceratops×10, Achenicus×10, Styracosaurus×10, Edmontosaurus×10)"
ri15sa170615,Savanna,Stable island,Normal island,15,40,0,,no,,"land:40 (Elephantulus×10, Lizard×10, Zebra Ceratops×10, Achenicus×10)"
ri20te170615,Temperate,Stable island,Normal island,20,50,0,,no,,"land:50 (Compsognathus×10, Phenacodus×10, Macrauchenia×10, Protoceratops×10, Oviraptor×10)"
ri25tr170615,Tropical,Stable island,Normal island,25,50,0,,no,,"land:50 (Striped Compsognathus×10, Pink Protoceratops×10, Pictaraptor×10, Saurolophus×10, Raptor×10)"
ri30tu170615,Tundra,Stable island,Normal island,30,50,0,,no,,"land:50 (Dodophysis×10, Male Megaloceros×10, Direwolf×10, Coelophysis×10, Centrosaurus×10)"
ri35te170615,Temperate,Stable island,Normal island,35,60,0,,no,,"land:60 (Compsognathus×10, Macrauchenia×10, Protoceratops×10, Oviraptor×10, Pavomimus×10, Stegosaurus×10)"
ri35de170615,Desert,Stable island,Normal island,35,50,0,,no,,"land:50 (Oviraptor×10, Sand Lizard×10, Gallimimus×10, Kentrosaurus×10, Utahraptor×10)"
ri40tr170615,Tropical,Stable island,Normal island,40,70,0,,no,,"land:70 (Striped Compsognathus×10, Pictaraptor×10, Saurolophus×10, Deinonychus×10, Pink Protoceratops×10, Raptor×10)"
ri40tu170615,Tundra,Stable island,Normal island,40,60,0,,no,,"land:60 (Male Megaloceros×10, Dodophysis×10, Direwolf×10, Coelophysis×10, Centrosaurus×10, Bonussaurus×10)"
ri45sa170615,Savanna,Stable island,Normal island,45,70,0,,no,,"land:70 (Lizard×10, Elephantulus×10, Zebra Ceratops×10, Achenicus×10, Styracosaurus×10, Edmontosaurus×10)"
ri45sw170615,Swamp,Stable island,Normal island,45,50,0,,no,,"land:50 (Giant Rat×10, Skunkodous×10, Coelophysis×10, Dimetrodon×10, Triceratops×10)"
ri50de170615,Desert,Stable island,Normal island,50,70,0,,no,,"land:70 (Oviraptor×10, Sand Lizard×10, Gallimimus×10, Utahraptor×10, Kentrosaurus×10, Tuojiangosaurus×10)"
ri50sn170615,Snowfield,Stable island,Normal island,50,60,0,,no,,"land:60 (Dodophysis×10, White-bellied Male Megaloceros×10, Albirraptor×10, Snow Coelophysis×10, Smilodon×10, Mammoth×10)"
ri55tb170615,Bamboo,Stable island,Normal island,55,60,0,,no,,"land:60 (Pink Protoceratops×10, Deinonychus×10, Saurolophus×10, Red-spotted Lizard×10, Parasaurolophus×10, Lower-tusk Elephant×10)"
ri55tu170615,Tundra,Stable island,Normal island,55,60,0,,no,,"land:60 (Dodophysis×10, Direwolf×10, Male Megaloceros×10, Centrosaurus×10, Coelophysis×10, Ornithomimus×10)"
ra30gr170615,Grassland,Unstable island (terrain),Normal island,30,1,0,,yes,,land:1 (Hadrosaurus×1)
ra35sa170615,Savanna,Unstable island (terrain),Normal island,35,4,0,,yes,,"land:4 (Elephantulus×3, Achenicus×1)"
ra40de170615,Desert,Unstable island (terrain),Normal island,40,2,0,,yes,,"land:2 (Utahraptor×1, Sand Lizard×1)"
ra45tu170615,Tundra,Unstable island (terrain),Normal island,45,4,0,,yes,,"land:4 (Dodophysis×3, Direwolf×1)"
ra50tr170615,Tropical,Unstable island (terrain),Normal island,50,4,0,,yes,,"land:4 (Raptor×2, Pictaraptor×2)"
ra55te170615,Temperate,Unstable island (terrain),Normal island,55,3,0,,yes,,"land:3 (Stegosaurus×1, Compsognathus×2)"
ra60sn170615,Snowfield,Unstable island (terrain),Normal island,60,14,0,,yes,,"land:14 (Albirraptor×7, Dodophysis×7)"
ri15sa170531,Savanna,Stable island,Normal island,15,70,0,,no,,"land:70 (Oviraptor×10, Albirraptor×10, Pictaraptor×50)"
ri20te170601,Temperate,Stable island,Normal island,20,70,0,,no,,"land:70 (Oviraptor×10, Albirraptor×10, Pictaraptor×50)"
ri25tr170602,Tropical,Stable island,Normal island,25,70,0,,no,,"land:70 (Oviraptor×10, Albirraptor×10, Pictaraptor×50)"
ri30tu170601,Tundra,Stable island,Normal island,30,70,0,,no,,"land:70 (Oviraptor×10, Albirraptor×10, Pictaraptor×50)"
ri35te170601,Temperate,Stable island,Normal island,35,70,0,,no,,"land:70 (Oviraptor×10, Albirraptor×10, Pictaraptor×50)"
ri35de170601,Desert,Stable island,Normal island,35,70,0,,no,,"land:70 (Oviraptor×10, Albirraptor×10, Pictaraptor×50)"
ri40tr170601,Tropical,Stable island,Normal island,40,70,0,,no,,"land:70 (Oviraptor×10, Albirraptor×10, Pictaraptor×50)"
ri40tu170601,Tundra,Stable island,Normal island,40,70,0,,no,,"land:70 (Oviraptor×10, Albirraptor×10, Pictaraptor×50)"
ri45sa170420,Savanna,Stable island,Normal island,45,70,0,,no,,"land:70 (Oviraptor×10, Albirraptor×10, Pictaraptor×50)"
ri45sw170602,Swamp,Stable island,Normal island,45,70,0,,no,,"land:70 (Oviraptor×10, Albirraptor×10, Pictaraptor×50)"
ri50de170524,Desert,Stable island,Normal island,50,70,0,,no,,"land:70 (Oviraptor×10, Albirraptor×10, Pictaraptor×50)"
ri50sn170524,Snowfield,Stable island,Normal island,50,70,0,,no,,"land:70 (Oviraptor×10, Albirraptor×10, Pictaraptor×50)"
test60vol190625,Volcanic,,Normal island,,57,0,,no,,"land:42 (Hadrosaurus×8, Sand Lizard×5, Red-spotted Lizard×8, Utahraptor×10, Triceratops×10, Tyrannosaurus×1); beach:15 (Sand Lizard×15)"
test60vol190516,Volcanic,,Normal island,,57,0,,no,,"land:42 (Hadrosaurus×8, Sand Lizard×5, Red-spotted Lizard×8, Utahraptor×10, Triceratops×10, Tyrannosaurus×1); beach:15 (Sand Lizard×15)"
test60vol190516_sub1,Volcanic,,Normal island,,28,0,,no,,"land:18 (Hadrosaurus×3, Sand Lizard×2, Red-spotted Lizard×3, Utahraptor×5, Triceratops×5); beach:10 (Sand Lizard×10)"
test60vol190508_sub2,Volcanic,,Normal island,,0,0,,no,,
test60vol190508_sub3,Volcanic,,Normal island,,0,0,,no,,
test60vol_512,Volcanic,,Normal island,,67,0,,no,,"land:52 (Lava Hadrosaurus×8, Sulfur Skunkodous×5, Andrewsarchus×8, Black-headed Utahraptor×10, Volcanic-ash Chasmosaurus×10, White-striped Iguana×10); beach:15 (Horseshoe Crab×15)"
test60vol_256,Volcanic,,Normal island,,56,0,,no,,"land:41 (Lava Hadrosaurus×8, Sulfur Skunkodous×5, Andrewsarchus×8, Black-headed Utahraptor×10, Volcanic-ash Chasmosaurus×10); beach:15 (Horseshoe Crab×15)"
test60vol_128,Volcanic,,Normal island,,13,0,,no,,"land:8 (Lava Hadrosaurus×2, Sulfur Skunkodous×2, Andrewsarchus×2, Black-headed Utahraptor×2); beach:5 (Horseshoe Crab×5)"
test60vol_cracks,Volcanic,,Normal island,,7,0,,no,,land:2 (Lava Hadrosaurus×2); beach:5 (Horseshoe Crab×5)
ua60vol_01_01,Volcanic,Unstable island,Normal island,60,114,0,,yes,yes,"land:64 (Lava Hadrosaurus×12, Sulfur Skunkodous×10, Andrewsarchus×12, Black-headed Utahraptor×15, White-striped Iguana×15); beach:50 (Horseshoe Crab×50)"
ua60vol_01_02,Volcanic,Unstable island,Normal island,60,16,0,,yes,yes,"land:4 (Lava Hadrosaurus×1, Sulfur Skunkodous×1, Andrewsarchus×1, Black-headed Utahraptor×1); beach:12 (Horseshoe Crab×12)"
ua60vol_01_03,Volcanic,Unstable island,Normal island,60,42,0,,yes,yes,"land:12 (Sulfur Skunkodous×3, Andrewsarchus×4, Black-headed Utahraptor×5); beach:30 (Horseshoe Crab×30)"
ua60vol_02_01,Volcanic,Unstable island,Normal island,60,124,0,,yes,yes,"land:74 (Lava Hadrosaurus×12, Sulfur Skunkodous×10, Andrewsarchus×12, Black-headed Utahraptor×15, White-striped Iguana×15, Volcanic-ash Chasmosaurus×10); beach:50 (Horseshoe Crab×50)"
ua60vol_02_02,Volcanic,Unstable island,Normal island,60,20,0,,yes,yes,"land:8 (Lava Hadrosaurus×2, Sulfur Skunkodous×2, Andrewsarchus×2, Black-headed Utahraptor×2); beach:12 (Horseshoe Crab×12)"
ua60vol_02_03,Volcanic,Unstable island,Normal island,60,50,0,,yes,yes,"land:20 (Sulfur Skunkodous×3, Andrewsarchus×3, Black-headed Utahraptor×3, White-striped Iguana×3, Venomous Lizard×8); beach:30 (Horseshoe Crab×30)"
ua60vol_02_04,Volcanic,Unstable island,Normal island,60,17,0,,yes,yes,land:5 (Sulfur Skunkodous×5); beach:12 (Horseshoe Crab×12)
ua60vol_03_01,Volcanic,Unstable island,Normal island,60,100,0,,yes,yes,"land:50 (Lava Hadrosaurus×8, Sulfur Skunkodous×5, Andrewsarchus×8, Black-headed Utahraptor×10, White-striped Iguana×10, Volcanic-ash Chasmosaurus×8); beach:50 (Horseshoe Crab×50)"
ua60vol_03_02,Volcanic,Unstable island,Normal island,60,42,0,,yes,yes,"land:27 (Sulfur Skunkodous×5, Andrewsarchus×8, Lava Hadrosaurus×10, White-striped Iguana×4); beach:15 (Horseshoe Crab×15)"
ua60vol_04_01,Volcanic,Unstable island,Normal island,60,107,0,,yes,yes,"land:57 (Lava Hadrosaurus×8, Sulfur Skunkodous×5, Andrewsarchus×10, Black-headed Utahraptor×10, White-striped Iguana×10, Volcanic-ash Chasmosaurus×8); beach:50 (Horseshoe Crab×50)"
ua60vol_04_02,Volcanic,Unstable island,Normal island,60,38,0,,yes,yes,"land:8 (Lava Hadrosaurus×2, Sulfur Skunkodous×2, Andrewsarchus×2, Black-headed Utahraptor×2); beach:30 (Horseshoe Crab×30)"
ua60vol_04_03,Volcanic,Unstable island,Normal island,60,52,0,,yes,yes,land:22 (Research Lava Hadrosaurus×22); beach:30 (Horseshoe Crab×30)
ua60vol_05_01,Volcanic,Unstable island,Normal island,60,114,0,,yes,yes,"land:64 (Lava Hadrosaurus×10, Sulfur Skunkodous×10, Andrewsarchus×10, Black-headed Utahraptor×10, White-striped Iguana×10, Volcanic-ash Chasmosaurus×8); beach:50 (Horseshoe Crab×50)"
ua60vol_05_02,Volcanic,Unstable island,Normal island,60,16,0,,yes,yes,"land:4 (Lava Hadrosaurus×2, Sulfur Skunkodous×2); beach:12 (Horseshoe Crab×12)"
ua60vol_05_03,Volcanic,Unstable island,Normal island,60,57,0,,yes,yes,"land:27 (Sulfur Skunkodous×5, Andrewsarchus×8, Black-headed Utahraptor×10, White-striped Iguana×4); beach:30 (Horseshoe Crab×30)"
ua60vol_06_01,Volcanic,Unstable island,Normal island,60,114,0,,yes,yes,"land:64 (Lava Hadrosaurus×10, Sulfur Skunkodous×10, Andrewsarchus×10, Black-headed Utahraptor×10, White-striped Iguana×10, Volcanic-ash Chasmosaurus×8); beach:50 (Horseshoe Crab×50)"
ua60vol_06_02,Volcanic,Unstable island,Normal island,60,57,0,,yes,yes,"land:27 (Sulfur Skunkodous×5, Andrewsarchus×8, Black-headed Utahraptor×10, White-striped Iguana×4); beach:30 (Horseshoe Crab×30)"
ua60vol_06_03,Volcanic,Unstable island,Normal island,60,61,0,,yes,yes,"land:31 (Lava Hadrosaurus×8, Sulfur Skunkodous×5, Andrewsarchus×8, Black-headed Utahraptor×10); beach:30 (Horseshoe Crab×30)"
ua60vol_07_01,Volcanic,Unstable island,Normal island,60,105,0,,yes,yes,"land:55 (Lava Hadrosaurus×8, Sulfur Skunkodous×5, Andrewsarchus×8, Black-headed Utahraptor×10, White-striped Iguana×10, Volcanic-ash Chasmosaurus×8); beach:50 (Horseshoe Crab×50)"
ua60vol_07_02,Volcanic,Unstable island,Normal island,60,44,0,,yes,yes,"land:14 (Lava Hadrosaurus×2, Sulfur Skunkodous×2, Scavenger Andrewsarchus×8, Black-headed Utahraptor×2); beach:30 (Horseshoe Crab×30)"
ua60vol_07_03,Volcanic,Unstable island,Normal island,60,12,0,,yes,yes,"land:2 (Andrewsarchus×1, Black-headed Utahraptor×1); beach:10 (Horseshoe Crab×10)"
ua60vol_08_01,Volcanic,Unstable island,Normal island,60,114,0,,yes,yes,"land:64 (Lava Hadrosaurus×10, Sulfur Skunkodous×10, Andrewsarchus×10, Black-headed Utahraptor×10, White-striped Iguana×10, Volcanic-ash Chasmosaurus×8); beach:50 (Horseshoe Crab×50)"
ua60vol_08_02,Volcanic,Unstable island,Normal island,60,47,0,,yes,yes,"land:17 (Sulfur Skunkodous×3, Andrewsarchus×3, Comms Amargasaurus×8, White-striped Iguana×3); beach:30 (Horseshoe Crab×30)"
testpvpisland190919,,,Season · PvP,,0,0,,no,yes,
ri18tr_01_01,Tropical,Stable island,Normal island,18,30,0,,yes,yes,"land:30 (White-furred Smilodon×15, Pictaraptor×5, Saurolophus×5, Raptor×5)"
ri18tr_02_01,Tropical,Stable island,Normal island,18,11,0,,yes,yes,"land:11 (Striped Compsognathus×3, Pink Protoceratops×2, Pictaraptor×2, Saurolophus×2, Raptor×2)"
ri18tr_03_01,Tropical,Stable island,Normal island,18,4,0,,yes,yes,"land:4 (Striped Compsognathus×1, Pictaraptor×1, Saurolophus×1, Raptor×1)"
ri18tr_04_01,Tropical,Stable island,Normal island,18,11,0,,yes,yes,"land:11 (Striped Compsognathus×3, Pink Protoceratops×2, Pictaraptor×2, Saurolophus×2, Raptor×2)"
ri18tr_test,Tropical,Stable island,Normal island,18,0,0,,no,yes,
ri18tr_05_01,Tropical,Stable island,Normal island,18,3,0,,yes,yes,"land:3 (Striped Compsognathus×1, Pictaraptor×1, Saurolophus×1)"
ri18tr_05_02,Tropical,Stable island,Normal island,18,4,0,,yes,yes,"land:4 (Striped Compsognathus×1, Pictaraptor×1, Saurolophus×1, Raptor×1)"
ri18tr_05_03,Tropical,Stable island,Normal island,18,4,0,,yes,yes,"land:4 (Striped Compsognathus×1, Pictaraptor×1, Saurolophus×1, Raptor×1)"
ri18tr_06_01,Tropical,Stable island,Normal island,18,4,0,,yes,yes,"land:4 (Unknown White-bellied Male Megaloceros×1, Unknown Land-tortoise Ankylo×1, Unknown Macrauchenia×1, Unknown Gallimimus×1)"
ri18tr_06_02,Tropical,Stable island,Normal island,18,10,0,,yes,yes,"beach:10 (Lava Hadrosaurus×7, Black Direwolf Unknown×1, Unknown Pavomimus×1, Unknown Gastornis×1)"
ri18tr_07_01,Tropical,Stable island,Normal island,18,4,0,,yes,,"land:4 (Striped Compsognathus×1, Pictaraptor×1, Saurolophus×1, Raptor×1)"
ru10gr170712,Grassland,Ruins,Ruins,10,100,0,,no,yes,"land:100 (Compsognathus×60, Phenacodus×40)"
ru10gr170615,Grassland,Ruins,Ruins,10,100,0,,no,,"land:100 (Compsognathus×60, Phenacodus×40)"
ru10gr170511,Grassland,Ruins,Ruins,10,70,0,,no,,"lake_shallow:10 (Chasmosaurus×5, Protoceratops×5); lake_deep:10 (Male Megaloceros×10); land:30 (Oviraptor×10, Albirraptor×10, Pictaraptor×10); beach:10 (Ankylosaurus×5, Euoplocephalus×5); ocean:10 (Parasaurolophus×10)"
s06gr161202,,,Ruins,,0,0,,no,,
s06gr161111,,,Ruins,,0,0,,no,,
s06gr161120,,,Ruins,,0,0,,no,,
sh05tr180130,Tropical,Safehouse,Safehouse,5,1,0,,no,yes,land:1 (Compsognathus×1)
sh05tr171110,Tropical,Safehouse,Safehouse,5,1,0,,no,,land:1 (Compsognathus×1)
sh05tr171109,Tropical,Safehouse,Safehouse,5,1,0,,no,,land:1 (Compsognathus×1)
sh05tr171108,Tropical,Safehouse,Safehouse,5,10,0,,no,,land:10 (Compsognathus×10)
sh05tr170927,Tropical,Safehouse,Safehouse,5,13,0,,no,,"land:13 (Compsognathus×10, Coward Raptor×3)"
sh05tr170926,Tropical,Safehouse,Safehouse,5,10,0,,no,,land:10 (Compsognathus×10)
sh05tr170919,Tropical,Safehouse,Safehouse,5,10,0,,no,,land:10 (Compsognathus×10)
sh05tr170918,Tropical,Safehouse,Safehouse,5,10,0,,no,,land:10 (Compsognathus×10)
sh05tr170914,Tropical,Safehouse,Safehouse,5,10,0,,no,,land:10 (Compsognathus×10)
t01test170615,,Trial,Trial,,0,0,,no,,
t01test160627,,Trial,Trial,,0,0,,no,,
t01test170425,,Trial,Trial,,0,0,,no,,
i01ancora180107,,Ancora,Ancora,,0,0,,no,yes,
i01ancora170918,,Ancora,Ancora,,0,0,,no,,
i01ancora170712,,Ancora,Ancora,,0,0,,no,,
i01ancora160714,,Ancora,Ancora,,0,0,,no,,
ur40gr170615,Grassland,,City island,40,114,0,,no,yes,"land:114 (Unknown Macrauchenia×22, Unknown Gallimimus×22, Achenicus×10, Styracosaurus×15, Edmontosaurus×15, Iguanodon×10)"
ur40te170615,Temperate,,City island,40,124,0,,no,yes,"land:124 (Unknown Gastornis×22, Unknown Pavomimus×22, Smilodon×15, Euoplocephalus×15, Dilophosaurus×15, Pavomimus×15)"
ur40tr170615,Tropical,,City island,40,121,0,,no,yes,"land:121 (Unknown Ankylosaurus×44, Unknown Land-tortoise Ankylo×22, Stegosaurus×15, Tuojiangosaurus×15, Pictaraptor×15, Pink Protoceratops×10)"
ur40tu170615,Tundra,,City island,40,123,0,,no,yes,"land:123 (White-furred Direwolf Unknown×40, Black Direwolf Unknown×22, Unknown White-bellied Female Megaloceros×18, Unknown Female Megaloceros×18, Dodophysis×15, Direwolf×10)"
ur40gr170511,Grassland,,City island,40,80,0,,no,,"lake_shallow:10 (Chasmosaurus×5, Protoceratops×5); lake_deep:10 (Male Megaloceros×10); land:40 (Oviraptor×10, Albirraptor×10, Pictaraptor×20); beach:10 (Ankylosaurus×5, Euoplocephalus×5); ocean:10 (Parasaurolophus×10)"
ur40te170511,Temperate,,City island,40,80,0,,no,,"lake_shallow:10 (Chasmosaurus×5, Protoceratops×5); lake_deep:10 (Male Megaloceros×10); land:40 (Oviraptor×10, Albirraptor×10, Pictaraptor×20); beach:10 (Ankylosaurus×5, Euoplocephalus×5); ocean:10 (Parasaurolophus×10)"
ur40tr170511,Tropical,,City island,40,80,0,,no,,"lake_shallow:10 (Chasmosaurus×5, Protoceratops×5); lake_deep:10 (Male Megaloceros×10); land:40 (Oviraptor×10, Albirraptor×10, Pictaraptor×20); beach:10 (Ankylosaurus×5, Euoplocephalus×5); ocean:10 (Parasaurolophus×10)"
ur40tu170511,Tundra,,City island,40,80,0,,no,,"lake_shallow:10 (Chasmosaurus×5, Protoceratops×5); lake_deep:10 (Male Megaloceros×10); land:40 (Oviraptor×10, Albirraptor×10, Pictaraptor×20); beach:10 (Ankylosaurus×5, Euoplocephalus×5); ocean:10 (Parasaurolophus×10)"
ua60teMain01,Temperate,Unstable island,Normal island,60,62,16,,yes,yes,"land:50 (Pictaraptor×10, Utahraptor×8, Smilodon×8, Euoplocephalus×6, Macrauchenia×6, Gallimimus×6); beach:12 (Clown Compsognathus×12)"
ua45sa_solo_elite,Savanna,Unstable island,Elite island,45,2,0,yes,yes,yes,"land:2 (Alpha Styracosaurus×1, Lizard×1)"
ua60te_solo_elite,Temperate,Unstable island,Elite island,60,2,0,yes,yes,yes,"land:2 (Brachiosaurus Alpha×1, Pictaraptor×1)"
ua60tr_solo_elite,Tropical,Unstable island,Elite island,60,2,0,yes,yes,yes,"land:2 (Alpha Tarbosaurus×1, Pink Protoceratops×1)"
ua60de_solo_elite,Desert,Unstable island,Elite island,60,2,0,yes,yes,yes,"land:2 (Alpha Allosaurus×1, Oviraptor×1)"
ua60tu_solo_elite,Tundra,Unstable island,Elite island,60,2,0,yes,yes,yes,"land:2 (Alpha Direwolf×1, Dodophysis×1)"
ua60sn_solo_elite,Snowfield,Unstable island,Elite island,60,2,0,yes,yes,yes,"land:2 (Snow Tarbosaurus Alpha×1, Dodophysis×1)"
ua60sw_solo_elite,Swamp,Unstable island,Elite island,60,2,0,yes,yes,yes,"land:2 (Oil-poison Apatosaurus×1, Giant Rat×1)"
ua60vo_solo_elite,Volcanic,Unstable island,Elite island,60,2,0,yes,yes,yes,"land:2 (Tyrannosaurus Alpha×1, Lava Hadrosaurus×1)"
ri15sa_lucid_test,Savanna,Unstable island,Normal island,15,1,0,,yes,yes,land:1 (Therizinosaurus×1)
