id,ไบโอม,ชนิด,บทบาท,เลเวล,ฝูง_รวม,คราเตอร์,elite,เข้าถึงได้,active,สัตว์ในฝูง
op60tr170712,ร้อนชื้น,พิเศษ,นิคมเปิด,60,100,0,,ไม่,,"land:100 (도마뱀×10, 줄무늬 콤프소그나투스×10, 픽타랍토르×10, 랩터×10, 마크라우케니아×10, 켄트로사우루스×10)"
op60tr171228,ร้อนชื้น,พิเศษ,นิคมเปิด,60,140,0,,ไม่,,"land:140 (도마뱀×10, 줄무늬 콤프소그나투스×7, 픽타랍토르×7, 랩터×7, 마크라우케니아×7, 켄트로사우루스×7)"
op60tr180220,ร้อนชื้น,พิเศษ,นิคมเปิด,60,140,0,,ไม่,ใช่,"land:140 (도마뱀×10, 줄무늬 콤프소그나투스×7, 픽타랍토르×7, 랩터×7, 마크라우케니아×7, 켄트로사우루스×7)"
op60te170615,อบอุ่น,พิเศษ,นิคมเปิด,60,110,0,,ไม่,,"land:110 (도도피시스×10, 데이노니쿠스×10, 다이어울프×10, 수컷 메갈로케로스×10, 파보미무스×10, 센트로사우루스×10)"
op60te171228,อบอุ่น,พิเศษ,นิคมเปิด,60,137,0,,ไม่,,"land:137 (도도피시스×7, 데이노니쿠스×7, 다이어울프×7, 수컷 메갈로케로스×7, 파보미무스×7, 센트로사우루스×7)"
op60te180220,อบอุ่น,พิเศษ,นิคมเปิด,60,137,0,,ไม่,ใช่,"land:137 (도도피시스×7, 데이노니쿠스×7, 다이어울프×7, 수컷 메갈로케로스×7, 파보미무스×7, 센트로사우루스×7)"
op60tr170615,ร้อนชื้น,พิเศษ,นิคมเปิด,60,100,0,,ไม่,,"land:100 (도마뱀×10, 줄무늬 콤프소그나투스×10, 픽타랍토르×10, 랩터×10, 마크라우케니아×10, 켄트로사우루스×10)"
tr60te170613,อบอุ่น,,นิคมเปิด,60,150,0,,ไม่,,"lake_shallow:10 (카스모사우루스×5, 프로토케라톱스×5); lake_deep:10 (수컷 메갈로케로스×10); land:110 (오비랍토르×10, 알비랍토르×10, 픽타랍토르×90); beach:10 (안킬로사우루스×5, 유오플로케팔루스×5); ocean:10 (파라사우롤로푸스×10)"
tr60te170511,อบอุ่น,,นิคมเปิด,60,150,0,,ไม่,,"lake_shallow:10 (카스모사우루스×5, 프로토케라톱스×5); lake_deep:10 (수컷 메갈로케로스×10); land:110 (오비랍토르×10, 알비랍토르×10, 픽타랍토르×90); beach:10 (안킬로사우루스×5, 유오플로케팔루스×5); ocean:10 (파라사우롤로푸스×10)"
s30te161129,,,นิคมเปิด,,0,0,,ไม่,,
s30gr161026,,,นิคมเปิด,,0,0,,ไม่,,
pe10gr_1,ทุ่งหญ้า,개인 섬,เกาะส่วนตัว,10,0,0,,ใช่,ใช่,
pe10gr_2,ทุ่งหญ้า,개인 섬,เกาะส่วนตัว,10,0,0,,ใช่,ใช่,
pe10gr_3,ทุ่งหญ้า,개인 섬,เกาะส่วนตัว,10,0,0,,ใช่,ใช่,
pe10gr_4,ทุ่งหญ้า,개인 섬,เกาะส่วนตัว,10,0,0,,ใช่,ใช่,
pe10gr_5,ทุ่งหญ้า,개인 섬,เกาะส่วนตัว,10,0,0,,ใช่,ใช่,
ri15sa171228,สะวันนา,안정 섬,일반 섬,15,40,0,,ไม่,ใช่,"land:40 (엘리펀툴루스×8, 도마뱀×8, 제브라케라톱스×8, 아케니쿠스×16)"
ri20te171228,อบอุ่น,안정 섬,일반 섬,20,44,0,,ไม่,ใช่,"land:38 (콤프소그나투스×8, 페나코두스×6, 마크라우케니아×8, 프로토케라톱스×8, 오비랍토르×8); beach:6 (광대 콤프소그나투스×6)"
ri25tr180122,ร้อนชื้น,안정 섬,일반 섬,25,40,0,,ไม่,ใช่,"land:34 (줄무늬 콤프소그나투스×6, 연분홍 프로토케라톱스×6, 픽타랍토르×6, 사우롤로푸스×8, 랩터×8); beach:6 (광대 콤프소그나투스×6)"
ri15sa190710,สะวันนา,안정 섬,일반 섬,15,40,0,,ใช่,ใช่,"land:40 (엘리펀툴루스×8, 도마뱀×8, 제브라케라톱스×8, 아케니쿠스×16)"
ri20te190710,อบอุ่น,안정 섬,일반 섬,20,38,0,,ใช่,ใช่,"land:38 (콤프소그나투스×8, 페나코두스×6, 마크라우케니아×8, 프로토케라톱스×8, 오비랍토르×8)"
ri25tr190710,ร้อนชื้น,안정 섬,일반 섬,25,34,0,,ใช่,ใช่,"land:34 (줄무늬 콤프소그나투스×6, 연분홍 프로토케라톱스×6, 픽타랍토르×6, 사우롤로푸스×8, 랩터×8)"
ri30tu171228,ทุนดรา,안정 섬,일반 섬,30,30,0,,ใช่,ใช่,"land:30 (도도피시스×6, 수컷 메갈로케로스×6, 다이어울프×6, 코엘로피시스×6, 센트로사우루스×6)"
ri30tuSub01,ทุนดรา,안정 섬,일반 섬,30,15,0,,ใช่,ใช่,"land:15 (도도피시스×3, 수컷 메갈로케로스×3, 다이어울프×3, 코엘로피시스×3, 센트로사우루스×3)"
ri30tuSub02,ทุนดรา,안정 섬,일반 섬,30,15,0,,ใช่,ใช่,"land:15 (도도피시스×3, 수컷 메갈로케로스×3, 다이어울프×3, 코엘로피시스×3, 센트로사우루스×3)"
ri30tuSub03_camp,ทุนดรา,안정 섬,일반 섬,30,15,0,,ใช่,ใช่,"land:15 (도도피시스×3, 수컷 메갈로케로스×3, 다이어울프×3, 코엘로피시스×3, 센트로사우루스×3)"
ri35de171228,ทะเลทราย,안정 섬,일반 섬,35,40,0,,ใช่,ใช่,"land:40 (오비랍토르×8, 모래 도마뱀×8, 갈리미무스×8, 켄트로사우루스×8, 유타랍토르×8)"
ri35deSub01,ทะเลทราย,안정 섬,일반 섬,35,20,0,,ใช่,ใช่,"land:20 (오비랍토르×4, 모래 도마뱀×4, 갈리미무스×4, 켄트로사우루스×4, 유타랍토르×4)"
ri35deSub02,ทะเลทราย,안정 섬,일반 섬,35,20,0,,ใช่,ใช่,"land:20 (오비랍토르×4, 모래 도마뱀×4, 갈리미무스×4, 켄트로사우루스×4, 유타랍토르×4)"
ri35deSub03_car,ทะเลทราย,안정 섬,일반 섬,35,20,0,,ใช่,ใช่,"land:20 (오비랍토르×4, 모래 도마뱀×4, 갈리미무스×4, 켄트로사우루스×4, 유타랍토르×4)"
ri35te171228,อบอุ่น,안정 섬,일반 섬,35,54,0,,ใช่,ใช่,"land:48 (콤프소그나투스×8, 마크라우케니아×8, 프로토케라톱스×8, 오비랍토르×8, 파보미무스×8, 스테고사우루스×8); beach:6 (광대 콤프소그나투스×6)"
ri35teSub01,อบอุ่น,안정 섬,일반 섬,35,24,0,,ใช่,ใช่,"land:24 (콤프소그나투스×4, 마크라우케니아×4, 프로토케라톱스×4, 오비랍토르×4, 파보미무스×4, 스테고사우루스×4)"
ri35teSub02,อบอุ่น,안정 섬,일반 섬,35,24,0,,ใช่,ใช่,"land:24 (콤프소그나투스×4, 마크라우케니아×4, 프로토케라톱스×4, 오비랍토르×4, 파보미무스×4, 스테고사우루스×4)"
ri35teSub03_copper,อบอุ่น,안정 섬,일반 섬,35,24,0,,ใช่,ใช่,"land:24 (콤프소그나투스×4, 마크라우케니아×4, 프로토케라톱스×4, 오비랍토르×4, 파보미무스×4, 스테고사우루스×4)"
ri40tu171228,ทุนดรา,안정 섬,일반 섬,40,46,0,,ใช่,ใช่,"land:46 (수컷 메갈로케로스×8, 도도피시스×8, 다이어울프×8, 코엘로피시스×8, 센트로사우루스×7, 보누사우루스×7)"
ri40tuSub01,ทุนดรา,안정 섬,일반 섬,40,22,0,,ใช่,ใช่,"land:22 (수컷 메갈로케로스×4, 도도피시스×4, 다이어울프×4, 코엘로피시스×4, 센트로사우루스×3, 보누사우루스×3)"
ri40tuSub02,ทุนดรา,안정 섬,일반 섬,40,22,0,,ใช่,ใช่,"land:22 (수컷 메갈로케로스×4, 도도피시스×4, 다이어울프×4, 코엘로피시스×4, 센트로사우루스×3, 보누사우루스×3)"
ri40tuSub03_powerbox,ทุนดรา,안정 섬,일반 섬,40,22,0,,ใช่,ใช่,"land:22 (수컷 메갈로케로스×4, 도도피시스×4, 다이어울프×4, 코엘로피시스×4, 센트로사우루스×3, 보누사우루스×3)"
ri40tr171228,ร้อนชื้น,안정 섬,일반 섬,40,62,0,,ใช่,ใช่,"land:56 (줄무늬 콤프소그나투스×8, 픽타랍토르×8, 사우롤로푸스×8, 데이노니쿠스×8, 연분홍 프로토케라톱스×8, 랩터×8); beach:6 (광대 콤프소그나투스×6)"
ri40trSub01,ร้อนชื้น,안정 섬,일반 섬,40,28,0,,ใช่,ใช่,"land:28 (줄무늬 콤프소그나투스×4, 픽타랍토르×4, 사우롤로푸스×4, 데이노니쿠스×4, 연분홍 프로토케라톱스×4, 랩터×4)"
ri40trSub02,ร้อนชื้น,안정 섬,일반 섬,40,28,0,,ใช่,ใช่,"land:28 (줄무늬 콤프소그나투스×4, 픽타랍토르×4, 사우롤로푸스×4, 데이노니쿠스×4, 연분홍 프로토케라톱스×4, 랩터×4)"
ri40trSub03_car,ร้อนชื้น,안정 섬,일반 섬,40,28,0,,ใช่,ใช่,"land:28 (줄무늬 콤프소그나투스×4, 픽타랍토르×4, 사우롤로푸스×4, 데이노니쿠스×4, 연분홍 프로토케라톱스×4, 랩터×4)"
ri45sa171228,สะวันนา,안정 섬,일반 섬,45,62,0,,ใช่,ใช่,"land:56 (도마뱀×8, 엘리펀툴루스×8, 제브라케라톱스×8, 아케니쿠스×8, 스티라코사우루스×8, 에드몬토사우루스×8); beach:6 (광대 콤프소그나투스×6)"
ri45saSub01,สะวันนา,안정 섬,일반 섬,45,28,0,,ใช่,ใช่,"land:28 (도마뱀×4, 엘리펀툴루스×4, 제브라케라톱스×4, 아케니쿠스×4, 스티라코사우루스×4, 에드몬토사우루스×4)"
ri45saSub02,สะวันนา,안정 섬,일반 섬,45,28,0,,ใช่,ใช่,"land:28 (도마뱀×4, 엘리펀툴루스×4, 제브라케라톱스×4, 아케니쿠스×4, 스티라코사우루스×4, 에드몬토사우루스×4)"
ri45saSub03_mud,สะวันนา,안정 섬,일반 섬,45,28,0,,ใช่,ใช่,"land:28 (도마뱀×4, 엘리펀툴루스×4, 제브라케라톱스×4, 아케니쿠스×4, 스티라코사우루스×4, 에드몬토사우루스×4)"
ri45sw171228,늪,안정 섬,일반 섬,45,40,0,,ใช่,ใช่,"land:40 (거대 쥐×8, 스컹코두스×8, 코엘로피시스×8, 디메트로돈×8, 트리케라톱스×8)"
ri45swSub01,늪,안정 섬,일반 섬,45,20,0,,ใช่,ใช่,"land:20 (거대 쥐×4, 스컹코두스×4, 코엘로피시스×4, 디메트로돈×4, 트리케라톱스×4)"
ri45swSub02,늪,안정 섬,일반 섬,45,20,0,,ใช่,ใช่,"land:20 (거대 쥐×4, 스컹코두스×4, 코엘로피시스×4, 디메트로돈×4, 트리케라톱스×4)"
ri45swSub03_billboard,늪,안정 섬,일반 섬,45,20,0,,ใช่,ใช่,"land:20 (거대 쥐×4, 스컹코두스×4, 코엘로피시스×4, 디메트로돈×4, 트리케라톱스×4)"
ri50de171228,ทะเลทราย,안정 섬,일반 섬,50,56,0,,ใช่,ใช่,"land:56 (오비랍토르×8, 모래 도마뱀×8, 갈리미무스×8, 유타랍토르×8, 켄트로사우루스×8, 투오지앙고사우루스×8)"
ri50deSub01,ทะเลทราย,안정 섬,일반 섬,50,28,0,,ใช่,ใช่,"land:28 (오비랍토르×4, 모래 도마뱀×4, 갈리미무스×4, 유타랍토르×4, 켄트로사우루스×4, 투오지앙고사우루스×4)"
ri50deSub02,ทะเลทราย,안정 섬,일반 섬,50,28,0,,ใช่,ใช่,"land:28 (오비랍토르×4, 모래 도마뱀×4, 갈리미무스×4, 유타랍토르×4, 켄트로사우루스×4, 투오지앙고사우루스×4)"
ri50deSub03_overpass,ทะเลทราย,안정 섬,일반 섬,50,28,0,,ใช่,ใช่,"land:28 (오비랍토르×4, 모래 도마뱀×4, 갈리미무스×4, 유타랍토르×4, 켄트로사우루스×4, 투오지앙고사우루스×4)"
ri50sn171228,ทุ่งหิมะ,안정 섬,일반 섬,50,50,0,,ใช่,ใช่,"land:50 (도도피시스×10, 수컷 흰배메갈로케로스×6, 알비랍토르×6, 설원 코엘로피시스×6, 스밀로돈×8, 매머드×8)"
ri50snSub01,ทุ่งหิมะ,안정 섬,일반 섬,50,18,0,,ใช่,ใช่,"land:18 (도도피시스×3, 수컷 흰배메갈로케로스×3, 알비랍토르×3, 설원 코엘로피시스×3, 스밀로돈×3, 매머드×3)"
ri50snSub02,ทุ่งหิมะ,안정 섬,일반 섬,50,18,0,,ใช่,ใช่,"land:18 (도도피시스×3, 수컷 흰배메갈로케로스×3, 알비랍토르×3, 설원 코엘로피시스×3, 스밀로돈×3, 매머드×3)"
ri50snSub03_mammoth,ทุ่งหิมะ,안정 섬,일반 섬,50,30,0,,ใช่,ใช่,land:30 (매머드×30)
ri55tb171228,대나무,안정 섬,일반 섬,55,54,0,,ใช่,ใช่,"land:48 (연분홍 프로토케라톱스×8, 데이노니쿠스×8, 사우롤로푸스×8, 붉은점도마뱀×8, 파라사우롤로푸스×8, 아랫뿔코끼리×8); beach:6 (광대 콤프소그나투스×6)"
ri55trSub01,ร้อนชื้น,안정 섬,일반 섬,55,24,0,,ใช่,ใช่,"land:24 (연분홍 프로토케라톱스×4, 데이노니쿠스×4, 사우롤로푸스×4, 붉은점도마뱀×4, 파라사우롤로푸스×4, 아랫뿔코끼리×4)"
ri55trSub02,ร้อนชื้น,안정 섬,일반 섬,55,24,0,,ใช่,ใช่,"land:24 (연분홍 프로토케라톱스×4, 데이노니쿠스×4, 사우롤로푸스×4, 붉은점도마뱀×4, 파라사우롤로푸스×4, 아랫뿔코끼리×4)"
ri55trSub03_camp,ร้อนชื้น,안정 섬,일반 섬,55,24,0,,ใช่,ใช่,"land:24 (연분홍 프로토케라톱스×4, 데이노니쿠스×4, 사우롤로푸스×4, 붉은점도마뱀×4, 파라사우롤로푸스×4, 아랫뿔코끼리×4)"
ri55tu171228,ทุนดรา,안정 섬,일반 섬,55,46,0,,ใช่,ใช่,"land:46 (도도피시스×8, 다이어울프×8, 수컷 메갈로케로스×8, 센트로사우루스×8, 코엘로피시스×7, 오르니토미무스×7)"
ri55tuSub01,ทุนดรา,안정 섬,일반 섬,55,23,0,,ใช่,ใช่,"land:23 (도도피시스×4, 다이어울프×4, 수컷 메갈로케로스×4, 센트로사우루스×4, 코엘로피시스×4, 오르니토미무스×3)"
ri55tuSub02,ทุนดรา,안정 섬,일반 섬,55,23,0,,ใช่,ใช่,"land:23 (도도피시스×4, 다이어울프×4, 수컷 메갈로케로스×4, 센트로사우루스×4, 코엘로피시스×4, 오르니토미무스×3)"
ri55tuSub03_camp,ทุนดรา,안정 섬,일반 섬,55,23,0,,ใช่,ใช่,"land:23 (도도피시스×4, 다이어울프×4, 수컷 메갈로케로스×4, 센트로사우루스×4, 코엘로피시스×4, 오르니토미무스×3)"
ri55sw171228,늪,안정 섬,일반 섬,55,40,0,,ใช่,ใช่,"land:40 (거대 쥐×8, 스컹코두스×8, 코엘로피시스×8, 디메트로돈×8, 트리케라톱스×8)"
ri55swSub01,늪,안정 섬,일반 섬,55,20,0,,ใช่,ใช่,"land:20 (거대 쥐×4, 스컹코두스×4, 코엘로피시스×4, 디메트로돈×4, 트리케라톱스×4)"
ri55swSub02,늪,안정 섬,일반 섬,55,20,0,,ใช่,ใช่,"land:20 (거대 쥐×4, 스컹코두스×4, 코엘로피시스×4, 디메트로돈×4, 트리케라톱스×4)"
ri55swSub03_billboard,늪,안정 섬,일반 섬,55,20,0,,ใช่,ใช่,"land:20 (거대 쥐×4, 스컹코두스×4, 코엘로피시스×4, 디메트로돈×4, 트리케라톱스×4)"
ra60sn171228,ทุ่งหิมะ,불안정 섬(지형),일반 섬,60,14,0,,ใช่,ใช่,"land:14 (알비랍토르×7, 도도피시스×7)"
ra60sw180226,늪,불안정 섬(지형),일반 섬,60,4,0,,ใช่,ใช่,"land:4 (스컹코두스×3, 코엘로피시스×1)"
ri60vo180404,ภูเขาไฟ,안정 섬,일반 섬,60,0,0,,ไม่,,
ev40te180312,อบอุ่น,이벤트,일반 섬,40,3,0,,ไม่,,"land:3 (콤프소그나투스×2, 페나코두스×1)"
s01_ri35tu180405,,,일반 섬,,25,0,,ใช่,,"land:25 (도도피시스×5, 수컷 메갈로케로스×5, 다이어울프×5, 코엘로피시스×5, 센트로사우루스×5)"
s01_ri45tr180405,,,일반 섬,,17,0,,ใช่,,"land:17 (줄무늬 콤프소그나투스×2, 픽타랍토르×3, 사우롤로푸스×2, 데이노니쿠스×3, 연분홍 프로토케라톱스×2, 랩터×2)"
s01_ri55sn180405,,,일반 섬,,44,0,,ใช่,,"land:44 (흰털다이어울프×8, 수컷 흰배메갈로케로스×5, 알비랍토르×5, 설원 코엘로피시스×5, 흰털스밀로돈×8, 매머드×5)"
s01_ri60de180405,,,일반 섬,,3,0,,ใช่,,"land:3 (오비랍토르×2, 모래 도마뱀×1)"
ev50tr180723,ร้อนชื้น,이벤트,일반 섬,50,9,0,,ไม่,,"land:9 (파보미무스×3, 타르보사우루스×1, 수상한 수박×5)"
ev45te180803,อบอุ่น,이벤트,일반 섬,45,14,0,,ไม่,,"land:14 (도도피시스×2, 페나코두스×3, 프로토케라톱스×3, 파키케팔로사우루스×6)"
s02_ri60sw,,,시즌 · PvP,,28,0,,ไม่,ใช่,"land:28 (다친 코엘로피시스×6, 중독된 트리케라톱스×3, 흥분한 트리케라톱스×3, 병든 거대 쥐×8, 취한 스컹코두스×8)"
test_phase,,,시즌 · PvP,,0,0,,ไม่,ใช่,
s03_ri60sw,,,시즌 · PvP,,18,0,,ไม่,ใช่,"land:18 (다친 코엘로피시스×4, 중독된 트리케라톱스×2, 흥분한 트리케라톱스×2, 병든 거대 쥐×5, 취한 스컹코두스×5)"
ua60snMain01,ทุ่งหิมะ,불안정 섬,일반 섬,60,50,0,,ใช่,ใช่,"land:50 (도도피시스×10, 수컷 흰배메갈로케로스×6, 알비랍토르×6, 설원 코엘로피시스×6, 스밀로돈×8, 매머드×8)"
ua60snMain02_elite,ทุ่งหิมะ,불안정 섬,일반 섬,60,61,0,,ใช่,ใช่,"land:61 (도도피시스×10, 수컷 흰배메갈로케로스×10, 알비랍토르×10, 설원 코엘로피시스×10, 스밀로돈×10, 매머드×10)"
ua60snMain03,ทุ่งหิมะ,불안정 섬,일반 섬,60,50,0,,ใช่,,"land:50 (도도피시스×10, 수컷 흰배메갈로케로스×6, 알비랍토르×6, 설원 코엘로피시스×6, 스밀로돈×8, 매머드×8)"
ua60snMain04_elite,ทุ่งหิมะ,불안정 섬,일반 섬,60,61,0,,ใช่,,"land:61 (도도피시스×10, 수컷 흰배메갈로케로스×10, 알비랍토르×10, 설원 코엘로피시스×10, 스밀로돈×10, 매머드×10)"
ua60snSub01,ทุ่งหิมะ,불안정 섬,일반 섬,60,24,0,,ใช่,ใช่,"land:24 (도도피시스×4, 수컷 흰배메갈로케로스×4, 알비랍토르×4, 설원 코엘로피시스×4, 스밀로돈×4, 매머드×4)"
ua60snSub02,ทุ่งหิมะ,불안정 섬,일반 섬,60,24,0,,ใช่,ใช่,"land:24 (도도피시스×4, 수컷 흰배메갈로케로스×4, 알비랍토르×4, 설원 코엘로피시스×4, 스밀로돈×4, 매머드×4)"
ua60snSub03_mammoth,ทุ่งหิมะ,불안정 섬,일반 섬,60,31,0,,ใช่,ใช่,land:31 (매머드×31)
ua60trMain01,ร้อนชื้น,불안정 섬,일반 섬,60,54,0,,ใช่,ใช่,"land:48 (연분홍 프로토케라톱스×8, 데이노니쿠스×8, 사우롤로푸스×8, 붉은점도마뱀×8, 파라사우롤로푸스×8, 아랫뿔코끼리×8); beach:6 (광대 콤프소그나투스×6)"
ua60trSub01,ร้อนชื้น,불안정 섬,일반 섬,60,24,0,,ใช่,ใช่,"land:24 (연분홍 프로토케라톱스×4, 데이노니쿠스×4, 사우롤로푸스×4, 붉은점도마뱀×4, 파라사우롤로푸스×4, 아랫뿔코끼리×4)"
ua60trSub02,ร้อนชื้น,불안정 섬,일반 섬,60,24,0,,ใช่,ใช่,"land:24 (연분홍 프로토케라톱스×4, 데이노니쿠스×4, 사우롤로푸스×4, 붉은점도마뱀×4, 파라사우롤로푸스×4, 아랫뿔코끼리×4)"
ua60trSub03_car,ร้อนชื้น,불안정 섬,일반 섬,60,24,0,,ใช่,ใช่,"land:24 (연분홍 프로토케라톱스×4, 데이노니쿠스×4, 사우롤로푸스×4, 붉은점도마뱀×4, 파라사우롤로푸스×4, 아랫뿔코끼리×4)"
ua60deMain01,ทะเลทราย,불안정 섬,일반 섬,60,56,0,,ใช่,ใช่,"land:56 (오비랍토르×8, 모래 도마뱀×8, 갈리미무스×8, 유타랍토르×8, 켄트로사우루스×8, 투오지앙고사우루스×8)"
ua60deMain02_elite,ทะเลทราย,불안정 섬,일반 섬,60,70,0,,ใช่,ใช่,"land:70 (오비랍토르×10, 모래 도마뱀×10, 갈리미무스×10, 유타랍토르×10, 켄트로사우루스×10, 투오지앙고사우루스×10)"
ua60deMain03,ทะเลทราย,불안정 섬,일반 섬,60,56,0,,ใช่,,"land:56 (오비랍토르×8, 모래 도마뱀×8, 갈리미무스×8, 유타랍토르×8, 켄트로사우루스×8, 투오지앙고사우루스×8)"
ua60deMain04_elite,ทะเลทราย,불안정 섬,일반 섬,60,70,0,,ใช่,,"land:70 (오비랍토르×10, 모래 도마뱀×10, 갈리미무스×10, 유타랍토르×10, 켄트로사우루스×10, 투오지앙고사우루스×10)"
ua60deSub01,ทะเลทราย,불안정 섬,일반 섬,60,28,0,,ใช่,ใช่,"land:28 (오비랍토르×4, 모래 도마뱀×4, 갈리미무스×4, 유타랍토르×4, 켄트로사우루스×4, 투오지앙고사우루스×4)"
ua60deSub02,ทะเลทราย,불안정 섬,일반 섬,60,28,0,,ใช่,ใช่,"land:28 (오비랍토르×4, 모래 도마뱀×4, 갈리미무스×4, 유타랍토르×4, 켄트로사우루스×4, 투오지앙고사우루스×4)"
ua60deSub03_car,ทะเลทราย,불안정 섬,일반 섬,60,28,0,,ใช่,ใช่,"land:28 (오비랍토르×4, 모래 도마뱀×4, 갈리미무스×4, 유타랍토르×4, 켄트로사우루스×4, 투오지앙고사우루스×4)"
ua60tuMain01,ทุนดรา,불안정 섬,일반 섬,60,46,0,,ใช่,ใช่,"land:46 (도도피시스×8, 다이어울프×8, 수컷 메갈로케로스×8, 센트로사우루스×8, 코엘로피시스×7, 오르니토미무스×7)"
ua60tuSub01,ทุนดรา,불안정 섬,일반 섬,60,24,0,,ใช่,ใช่,"land:24 (도도피시스×4, 다이어울프×4, 수컷 메갈로케로스×4, 센트로사우루스×4, 코엘로피시스×4, 오르니토미무스×4)"
ua60tuSub02,ทุนดรา,불안정 섬,일반 섬,60,24,0,,ใช่,ใช่,"land:24 (도도피시스×4, 다이어울프×4, 수컷 메갈로케로스×4, 센트로사우루스×4, 코엘로피시스×4, 오르니토미무스×4)"
ua60tuSub03_camp,ทุนดรา,불안정 섬,일반 섬,60,24,0,,ใช่,ใช่,"land:24 (도도피시스×4, 다이어울프×4, 수컷 메갈로케로스×4, 센트로사우루스×4, 코엘로피시스×4, 오르니토미무스×4)"
ua60swMain01,늪,불안정 섬,일반 섬,60,40,0,,ใช่,ใช่,"land:40 (거대 쥐×8, 스컹코두스×8, 코엘로피시스×8, 디메트로돈×8, 트리케라톱스×8)"
ua60swMain02_elite,늪,불안정 섬,일반 섬,60,51,0,,ใช่,ใช่,"land:51 (거대 쥐×10, 스컹코두스×10, 코엘로피시스×10, 디메트로돈×10, 트리케라톱스×10, 아파토사우루스×1)"
ua60swMain03,늪,불안정 섬,일반 섬,60,40,0,,ใช่,ใช่,"land:40 (거대 쥐×8, 스컹코두스×8, 코엘로피시스×8, 디메트로돈×8, 트리케라톱스×8)"
ua60swMain04_elite,늪,불안정 섬,일반 섬,60,51,0,,ใช่,ใช่,"land:51 (거대 쥐×10, 스컹코두스×10, 코엘로피시스×10, 디메트로돈×10, 트리케라톱스×10, 아파토사우루스×1)"
ua60swMain05,늪,불안정 섬,일반 섬,60,40,0,,ใช่,,"land:40 (거대 쥐×8, 스컹코두스×8, 코엘로피시스×8, 디메트로돈×8, 트리케라톱스×8)"
ua60swMain06_elite,늪,불안정 섬,일반 섬,60,51,0,,ใช่,,"land:51 (거대 쥐×10, 스컹코두스×10, 코엘로피시스×10, 디메트로돈×10, 트리케라톱스×10, 아파토사우루스×1)"
ua60swSub01,늪,불안정 섬,일반 섬,60,20,0,,ใช่,ใช่,"land:20 (거대 쥐×4, 스컹코두스×4, 코엘로피시스×4, 디메트로돈×4, 트리케라톱스×4)"
ua60swSub02,늪,불안정 섬,일반 섬,60,20,0,,ใช่,ใช่,"land:20 (거대 쥐×4, 스컹코두스×4, 코엘로피시스×4, 디메트로돈×4, 트리케라톱스×4)"
ua60swSub03_billboard,늪,불안정 섬,일반 섬,60,20,0,,ใช่,ใช่,"land:20 (거대 쥐×4, 스컹코두스×4, 코엘로피시스×4, 디메트로돈×4, 트리케라톱스×4)"
ri24grSub01,ทุ่งหญ้า,안정 섬,일반 섬,24,0,0,,ใช่,,
ua60sn02Main01,ทุ่งหิมะ,불안정 섬,일반 섬,60,50,0,,ใช่,ใช่,"land:50 (도도피시스×10, 수컷 흰배메갈로케로스×6, 알비랍토르×6, 설원 코엘로피시스×6, 스밀로돈×8, 매머드×8)"
ua60sn02Main02_elite,ทุ่งหิมะ,불안정 섬,일반 섬,60,61,0,,ใช่,ใช่,"land:61 (도도피시스×10, 수컷 흰배메갈로케로스×10, 알비랍토르×10, 설원 코엘로피시스×10, 스밀로돈×10, 매머드×10)"
ua60sn02Main03,ทุ่งหิมะ,불안정 섬,일반 섬,60,50,0,,ใช่,,"land:50 (도도피시스×10, 수컷 흰배메갈로케로스×6, 알비랍토르×6, 설원 코엘로피시스×6, 스밀로돈×8, 매머드×8)"
ua60sn02Main04_elite,ทุ่งหิมะ,불안정 섬,일반 섬,60,61,0,,ใช่,,"land:61 (도도피시스×10, 수컷 흰배메갈로케로스×10, 알비랍토르×10, 설원 코엘로피시스×10, 스밀로돈×10, 매머드×10)"
ua60sn02Sub01,ทุ่งหิมะ,불안정 섬,일반 섬,60,24,0,,ใช่,ใช่,"land:24 (도도피시스×4, 수컷 흰배메갈로케로스×4, 알비랍토르×4, 설원 코엘로피시스×4, 스밀로돈×4, 매머드×4)"
ua60sn02Sub02,ทุ่งหิมะ,불안정 섬,일반 섬,60,24,0,,ใช่,ใช่,"land:24 (도도피시스×4, 수컷 흰배메갈로케로스×4, 알비랍토르×4, 설원 코엘로피시스×4, 스밀로돈×4, 매머드×4)"
ua60sn02Sub03_mammoth,ทุ่งหิมะ,불안정 섬,일반 섬,60,31,0,,ใช่,ใช่,land:31 (매머드×31)
ua60tr02Main01,ร้อนชื้น,불안정 섬,일반 섬,60,54,0,,ใช่,ใช่,"land:48 (연분홍 프로토케라톱스×8, 데이노니쿠스×8, 사우롤로푸스×8, 붉은점도마뱀×8, 파라사우롤로푸스×8, 아랫뿔코끼리×8); beach:6 (광대 콤프소그나투스×6)"
ua60tr02Sub01,ร้อนชื้น,불안정 섬,일반 섬,60,24,0,,ใช่,ใช่,"land:24 (연분홍 프로토케라톱스×4, 데이노니쿠스×4, 사우롤로푸스×4, 붉은점도마뱀×4, 파라사우롤로푸스×4, 아랫뿔코끼리×4)"
ua60tr02Sub02,ร้อนชื้น,불안정 섬,일반 섬,60,24,0,,ใช่,ใช่,"land:24 (연분홍 프로토케라톱스×4, 데이노니쿠스×4, 사우롤로푸스×4, 붉은점도마뱀×4, 파라사우롤로푸스×4, 아랫뿔코끼리×4)"
ua60tr02Sub03_car,ร้อนชื้น,불안정 섬,일반 섬,60,24,0,,ใช่,ใช่,"land:24 (연분홍 프로토케라톱스×4, 데이노니쿠스×4, 사우롤로푸스×4, 붉은점도마뱀×4, 파라사우롤로푸스×4, 아랫뿔코끼리×4)"
ua60de02Main01,ทะเลทราย,불안정 섬,일반 섬,60,56,0,,ใช่,ใช่,"land:56 (오비랍토르×8, 모래 도마뱀×8, 갈리미무스×8, 유타랍토르×8, 켄트로사우루스×8, 투오지앙고사우루스×8)"
ua60de02Main02_elite,ทะเลทราย,불안정 섬,일반 섬,60,70,0,,ใช่,ใช่,"land:70 (오비랍토르×10, 모래 도마뱀×10, 갈리미무스×10, 유타랍토르×10, 켄트로사우루스×10, 투오지앙고사우루스×10)"
ua60de02Main03,ทะเลทราย,불안정 섬,일반 섬,60,56,0,,ใช่,,"land:56 (오비랍토르×8, 모래 도마뱀×8, 갈리미무스×8, 유타랍토르×8, 켄트로사우루스×8, 투오지앙고사우루스×8)"
ua60de02Main04_elite,ทะเลทราย,불안정 섬,일반 섬,60,70,0,,ใช่,,"land:70 (오비랍토르×10, 모래 도마뱀×10, 갈리미무스×10, 유타랍토르×10, 켄트로사우루스×10, 투오지앙고사우루스×10)"
ua60de02Sub01,ทะเลทราย,불안정 섬,일반 섬,60,28,0,,ใช่,ใช่,"land:28 (오비랍토르×4, 모래 도마뱀×4, 갈리미무스×4, 유타랍토르×4, 켄트로사우루스×4, 투오지앙고사우루스×4)"
ua60de02Sub02,ทะเลทราย,불안정 섬,일반 섬,60,28,0,,ใช่,ใช่,"land:28 (오비랍토르×4, 모래 도마뱀×4, 갈리미무스×4, 유타랍토르×4, 켄트로사우루스×4, 투오지앙고사우루스×4)"
ua60de02Sub03_car,ทะเลทราย,불안정 섬,일반 섬,60,28,0,,ใช่,ใช่,"land:28 (오비랍토르×4, 모래 도마뱀×4, 갈리미무스×4, 유타랍토르×4, 켄트로사우루스×4, 투오지앙고사우루스×4)"
ua60tu02Main01,ทุนดรา,불안정 섬,일반 섬,60,46,0,,ใช่,ใช่,"land:46 (도도피시스×8, 다이어울프×8, 수컷 메갈로케로스×8, 센트로사우루스×8, 코엘로피시스×7, 오르니토미무스×7)"
ua60tu02Sub01,ทุนดรา,불안정 섬,일반 섬,60,22,0,,ใช่,ใช่,"land:22 (도도피시스×4, 다이어울프×4, 수컷 메갈로케로스×4, 센트로사우루스×4, 코엘로피시스×3, 오르니토미무스×3)"
ua60tu02Sub02,ทุนดรา,불안정 섬,일반 섬,60,22,0,,ใช่,ใช่,"land:22 (도도피시스×4, 다이어울프×4, 수컷 메갈로케로스×4, 센트로사우루스×4, 코엘로피시스×3, 오르니토미무스×3)"
ua60tu02Sub03_camp,ทุนดรา,불안정 섬,일반 섬,60,22,0,,ใช่,ใช่,"land:22 (도도피시스×4, 다이어울프×4, 수컷 메갈로케로스×4, 센트로사우루스×4, 코엘로피시스×3, 오르니토미무스×3)"
ua60sw02Main01,늪,불안정 섬,일반 섬,60,40,0,,ใช่,ใช่,"land:40 (거대 쥐×8, 스컹코두스×8, 코엘로피시스×8, 디메트로돈×8, 트리케라톱스×8)"
ua60sw02Main02_elite,늪,불안정 섬,일반 섬,60,51,0,,ใช่,ใช่,"land:51 (거대 쥐×10, 스컹코두스×10, 코엘로피시스×10, 디메트로돈×10, 트리케라톱스×10, 아파토사우루스×1)"
ua60sw02Main03,늪,불안정 섬,일반 섬,60,40,0,,ใช่,ใช่,"land:40 (거대 쥐×8, 스컹코두스×8, 코엘로피시스×8, 디메트로돈×8, 트리케라톱스×8)"
ua60sw02Main04_elite,늪,불안정 섬,일반 섬,60,51,0,,ใช่,ใช่,"land:51 (거대 쥐×10, 스컹코두스×10, 코엘로피시스×10, 디메트로돈×10, 트리케라톱스×10, 아파토사우루스×1)"
ua60sw02Main05,늪,불안정 섬,일반 섬,60,40,0,,ใช่,,"land:40 (거대 쥐×8, 스컹코두스×8, 코엘로피시스×8, 디메트로돈×8, 트리케라톱스×8)"
ua60sw02Main06_elite,늪,불안정 섬,일반 섬,60,51,0,,ใช่,,"land:51 (거대 쥐×10, 스컹코두스×10, 코엘로피시스×10, 디메트로돈×10, 트리케라톱스×10, 아파토사우루스×1)"
ua60sw02Sub01,늪,불안정 섬,일반 섬,60,20,0,,ใช่,ใช่,"land:20 (거대 쥐×4, 스컹코두스×4, 코엘로피시스×4, 디메트로돈×4, 트리케라톱스×4)"
ua60sw02Sub02,늪,불안정 섬,일반 섬,60,20,0,,ใช่,ใช่,"land:20 (거대 쥐×4, 스컹코두스×4, 코엘로피시스×4, 디메트로돈×4, 트리케라톱스×4)"
ua60sw02Sub03_billboard,늪,불안정 섬,일반 섬,60,20,0,,ใช่,ใช่,"land:20 (거대 쥐×4, 스컹코두스×4, 코엘로피시스×4, 디메트로돈×4, 트리케라톱스×4)"
ri15trMain01_summerclub,ร้อนชื้น,안정 섬,일반 섬,15,10,0,,ใช่,,beach:10 (상어 페나코두스×10)
ri25tr171228,ร้อนชื้น,안정 섬,일반 섬,25,50,0,,ไม่,,"land:50 (줄무늬 콤프소그나투스×10, 연분홍 프로토케라톱스×10, 픽타랍토르×10, 사우롤로푸스×10, 랩터×10)"
ri20te170712,อบอุ่น,안정 섬,일반 섬,20,50,0,,ไม่,,"land:50 (콤프소그나투스×10, 페나코두스×10, 마크라우케니아×10, 프로토케라톱스×10, 오비랍토르×10)"
ri35de170712,ทะเลทราย,안정 섬,일반 섬,35,50,0,,ไม่,,"land:50 (오비랍토르×10, 모래 도마뱀×10, 갈리미무스×10, 켄트로사우루스×10, 유타랍토르×10)"
ri40tr170712,ร้อนชื้น,안정 섬,일반 섬,40,70,0,,ไม่,,"land:70 (줄무늬 콤프소그나투스×10, 픽타랍토르×10, 사우롤로푸스×10, 데이노니쿠스×10, 연분홍 프로토케라톱스×10, 랩터×10)"
ri50de170712,ทะเลทราย,안정 섬,일반 섬,50,70,0,,ไม่,,"land:70 (오비랍토르×10, 모래 도마뱀×10, 갈리미무스×10, 유타랍토르×10, 켄트로사우루스×10, 투오지앙고사우루스×10)"
ra40de170712,ทะเลทราย,불안정 섬(지형),일반 섬,40,2,0,,ใช่,,"land:2 (유타랍토르×1, 모래 도마뱀×1)"
ri15sa170724,สะวันนา,안정 섬,일반 섬,15,40,0,,ไม่,,"land:40 (엘리펀툴루스×10, 도마뱀×10, 제브라케라톱스×10, 아케니쿠스×10)"
ri45sa170724,สะวันนา,안정 섬,일반 섬,45,70,0,,ไม่,,"land:70 (도마뱀×10, 엘리펀툴루스×10, 제브라케라톱스×10, 아케니쿠스×10, 스티라코사우루스×10, 에드몬토사우루스×10)"
ri15sa170615,สะวันนา,안정 섬,일반 섬,15,40,0,,ไม่,,"land:40 (엘리펀툴루스×10, 도마뱀×10, 제브라케라톱스×10, 아케니쿠스×10)"
ri20te170615,อบอุ่น,안정 섬,일반 섬,20,50,0,,ไม่,,"land:50 (콤프소그나투스×10, 페나코두스×10, 마크라우케니아×10, 프로토케라톱스×10, 오비랍토르×10)"
ri25tr170615,ร้อนชื้น,안정 섬,일반 섬,25,50,0,,ไม่,,"land:50 (줄무늬 콤프소그나투스×10, 연분홍 프로토케라톱스×10, 픽타랍토르×10, 사우롤로푸스×10, 랩터×10)"
ri30tu170615,ทุนดรา,안정 섬,일반 섬,30,50,0,,ไม่,,"land:50 (도도피시스×10, 수컷 메갈로케로스×10, 다이어울프×10, 코엘로피시스×10, 센트로사우루스×10)"
ri35te170615,อบอุ่น,안정 섬,일반 섬,35,60,0,,ไม่,,"land:60 (콤프소그나투스×10, 마크라우케니아×10, 프로토케라톱스×10, 오비랍토르×10, 파보미무스×10, 스테고사우루스×10)"
ri35de170615,ทะเลทราย,안정 섬,일반 섬,35,50,0,,ไม่,,"land:50 (오비랍토르×10, 모래 도마뱀×10, 갈리미무스×10, 켄트로사우루스×10, 유타랍토르×10)"
ri40tr170615,ร้อนชื้น,안정 섬,일반 섬,40,70,0,,ไม่,,"land:70 (줄무늬 콤프소그나투스×10, 픽타랍토르×10, 사우롤로푸스×10, 데이노니쿠스×10, 연분홍 프로토케라톱스×10, 랩터×10)"
ri40tu170615,ทุนดรา,안정 섬,일반 섬,40,60,0,,ไม่,,"land:60 (수컷 메갈로케로스×10, 도도피시스×10, 다이어울프×10, 코엘로피시스×10, 센트로사우루스×10, 보누사우루스×10)"
ri45sa170615,สะวันนา,안정 섬,일반 섬,45,70,0,,ไม่,,"land:70 (도마뱀×10, 엘리펀툴루스×10, 제브라케라톱스×10, 아케니쿠스×10, 스티라코사우루스×10, 에드몬토사우루스×10)"
ri45sw170615,늪,안정 섬,일반 섬,45,50,0,,ไม่,,"land:50 (거대 쥐×10, 스컹코두스×10, 코엘로피시스×10, 디메트로돈×10, 트리케라톱스×10)"
ri50de170615,ทะเลทราย,안정 섬,일반 섬,50,70,0,,ไม่,,"land:70 (오비랍토르×10, 모래 도마뱀×10, 갈리미무스×10, 유타랍토르×10, 켄트로사우루스×10, 투오지앙고사우루스×10)"
ri50sn170615,ทุ่งหิมะ,안정 섬,일반 섬,50,60,0,,ไม่,,"land:60 (도도피시스×10, 수컷 흰배메갈로케로스×10, 알비랍토르×10, 설원 코엘로피시스×10, 스밀로돈×10, 매머드×10)"
ri55tb170615,대나무,안정 섬,일반 섬,55,60,0,,ไม่,,"land:60 (연분홍 프로토케라톱스×10, 데이노니쿠스×10, 사우롤로푸스×10, 붉은점도마뱀×10, 파라사우롤로푸스×10, 아랫뿔코끼리×10)"
ri55tu170615,ทุนดรา,안정 섬,일반 섬,55,60,0,,ไม่,,"land:60 (도도피시스×10, 다이어울프×10, 수컷 메갈로케로스×10, 센트로사우루스×10, 코엘로피시스×10, 오르니토미무스×10)"
ra30gr170615,ทุ่งหญ้า,불안정 섬(지형),일반 섬,30,1,0,,ใช่,,land:1 (하드로사우루스×1)
ra35sa170615,สะวันนา,불안정 섬(지형),일반 섬,35,4,0,,ใช่,,"land:4 (엘리펀툴루스×3, 아케니쿠스×1)"
ra40de170615,ทะเลทราย,불안정 섬(지형),일반 섬,40,2,0,,ใช่,,"land:2 (유타랍토르×1, 모래 도마뱀×1)"
ra45tu170615,ทุนดรา,불안정 섬(지형),일반 섬,45,4,0,,ใช่,,"land:4 (도도피시스×3, 다이어울프×1)"
ra50tr170615,ร้อนชื้น,불안정 섬(지형),일반 섬,50,4,0,,ใช่,,"land:4 (랩터×2, 픽타랍토르×2)"
ra55te170615,อบอุ่น,불안정 섬(지형),일반 섬,55,3,0,,ใช่,,"land:3 (스테고사우루스×1, 콤프소그나투스×2)"
ra60sn170615,ทุ่งหิมะ,불안정 섬(지형),일반 섬,60,14,0,,ใช่,,"land:14 (알비랍토르×7, 도도피시스×7)"
ri15sa170531,สะวันนา,안정 섬,일반 섬,15,70,0,,ไม่,,"land:70 (오비랍토르×10, 알비랍토르×10, 픽타랍토르×50)"
ri20te170601,อบอุ่น,안정 섬,일반 섬,20,70,0,,ไม่,,"land:70 (오비랍토르×10, 알비랍토르×10, 픽타랍토르×50)"
ri25tr170602,ร้อนชื้น,안정 섬,일반 섬,25,70,0,,ไม่,,"land:70 (오비랍토르×10, 알비랍토르×10, 픽타랍토르×50)"
ri30tu170601,ทุนดรา,안정 섬,일반 섬,30,70,0,,ไม่,,"land:70 (오비랍토르×10, 알비랍토르×10, 픽타랍토르×50)"
ri35te170601,อบอุ่น,안정 섬,일반 섬,35,70,0,,ไม่,,"land:70 (오비랍토르×10, 알비랍토르×10, 픽타랍토르×50)"
ri35de170601,ทะเลทราย,안정 섬,일반 섬,35,70,0,,ไม่,,"land:70 (오비랍토르×10, 알비랍토르×10, 픽타랍토르×50)"
ri40tr170601,ร้อนชื้น,안정 섬,일반 섬,40,70,0,,ไม่,,"land:70 (오비랍토르×10, 알비랍토르×10, 픽타랍토르×50)"
ri40tu170601,ทุนดรา,안정 섬,일반 섬,40,70,0,,ไม่,,"land:70 (오비랍토르×10, 알비랍토르×10, 픽타랍토르×50)"
ri45sa170420,สะวันนา,안정 섬,일반 섬,45,70,0,,ไม่,,"land:70 (오비랍토르×10, 알비랍토르×10, 픽타랍토르×50)"
ri45sw170602,늪,안정 섬,일반 섬,45,70,0,,ไม่,,"land:70 (오비랍토르×10, 알비랍토르×10, 픽타랍토르×50)"
ri50de170524,ทะเลทราย,안정 섬,일반 섬,50,70,0,,ไม่,,"land:70 (오비랍토르×10, 알비랍토르×10, 픽타랍토르×50)"
ri50sn170524,ทุ่งหิมะ,안정 섬,일반 섬,50,70,0,,ไม่,,"land:70 (오비랍토르×10, 알비랍토르×10, 픽타랍토르×50)"
test60vol190625,ภูเขาไฟ,,일반 섬,,57,0,,ไม่,,"land:42 (하드로사우루스×8, 모래 도마뱀×5, 붉은점도마뱀×8, 유타랍토르×10, 트리케라톱스×10, 티라노사우루스×1); beach:15 (모래 도마뱀×15)"
test60vol190516,ภูเขาไฟ,,일반 섬,,57,0,,ไม่,,"land:42 (하드로사우루스×8, 모래 도마뱀×5, 붉은점도마뱀×8, 유타랍토르×10, 트리케라톱스×10, 티라노사우루스×1); beach:15 (모래 도마뱀×15)"
test60vol190516_sub1,ภูเขาไฟ,,일반 섬,,28,0,,ไม่,,"land:18 (하드로사우루스×3, 모래 도마뱀×2, 붉은점도마뱀×3, 유타랍토르×5, 트리케라톱스×5); beach:10 (모래 도마뱀×10)"
test60vol190508_sub2,ภูเขาไฟ,,일반 섬,,0,0,,ไม่,,
test60vol190508_sub3,ภูเขาไฟ,,일반 섬,,0,0,,ไม่,,
test60vol_512,ภูเขาไฟ,,일반 섬,,67,0,,ไม่,,"land:52 (용암 하드로사우루스×8, 유황 스컹코두스×5, 앤드루사르쿠스×8, 검은머리 유타랍토르×10, 화산재 카스모사우루스×10, 흰줄무늬 이구아나×10); beach:15 (투구게×15)"
test60vol_256,ภูเขาไฟ,,일반 섬,,56,0,,ไม่,,"land:41 (용암 하드로사우루스×8, 유황 스컹코두스×5, 앤드루사르쿠스×8, 검은머리 유타랍토르×10, 화산재 카스모사우루스×10); beach:15 (투구게×15)"
test60vol_128,ภูเขาไฟ,,일반 섬,,13,0,,ไม่,,"land:8 (용암 하드로사우루스×2, 유황 스컹코두스×2, 앤드루사르쿠스×2, 검은머리 유타랍토르×2); beach:5 (투구게×5)"
test60vol_cracks,ภูเขาไฟ,,일반 섬,,7,0,,ไม่,,land:2 (용암 하드로사우루스×2); beach:5 (투구게×5)
ua60vol_01_01,ภูเขาไฟ,불안정 섬,일반 섬,60,114,0,,ใช่,ใช่,"land:64 (용암 하드로사우루스×12, 유황 스컹코두스×10, 앤드루사르쿠스×12, 검은머리 유타랍토르×15, 흰줄무늬 이구아나×15); beach:50 (투구게×50)"
ua60vol_01_02,ภูเขาไฟ,불안정 섬,일반 섬,60,16,0,,ใช่,ใช่,"land:4 (용암 하드로사우루스×1, 유황 스컹코두스×1, 앤드루사르쿠스×1, 검은머리 유타랍토르×1); beach:12 (투구게×12)"
ua60vol_01_03,ภูเขาไฟ,불안정 섬,일반 섬,60,42,0,,ใช่,ใช่,"land:12 (유황 스컹코두스×3, 앤드루사르쿠스×4, 검은머리 유타랍토르×5); beach:30 (투구게×30)"
ua60vol_02_01,ภูเขาไฟ,불안정 섬,일반 섬,60,124,0,,ใช่,ใช่,"land:74 (용암 하드로사우루스×12, 유황 스컹코두스×10, 앤드루사르쿠스×12, 검은머리 유타랍토르×15, 흰줄무늬 이구아나×15, 화산재 카스모사우루스×10); beach:50 (투구게×50)"
ua60vol_02_02,ภูเขาไฟ,불안정 섬,일반 섬,60,20,0,,ใช่,ใช่,"land:8 (용암 하드로사우루스×2, 유황 스컹코두스×2, 앤드루사르쿠스×2, 검은머리 유타랍토르×2); beach:12 (투구게×12)"
ua60vol_02_03,ภูเขาไฟ,불안정 섬,일반 섬,60,50,0,,ใช่,ใช่,"land:20 (유황 스컹코두스×3, 앤드루사르쿠스×3, 검은머리 유타랍토르×3, 흰줄무늬 이구아나×3, 독 도마뱀×8); beach:30 (투구게×30)"
ua60vol_02_04,ภูเขาไฟ,불안정 섬,일반 섬,60,17,0,,ใช่,ใช่,land:5 (유황 스컹코두스×5); beach:12 (투구게×12)
ua60vol_03_01,ภูเขาไฟ,불안정 섬,일반 섬,60,100,0,,ใช่,ใช่,"land:50 (용암 하드로사우루스×8, 유황 스컹코두스×5, 앤드루사르쿠스×8, 검은머리 유타랍토르×10, 흰줄무늬 이구아나×10, 화산재 카스모사우루스×8); beach:50 (투구게×50)"
ua60vol_03_02,ภูเขาไฟ,불안정 섬,일반 섬,60,42,0,,ใช่,ใช่,"land:27 (유황 스컹코두스×5, 앤드루사르쿠스×8, 용암 하드로사우루스×10, 흰줄무늬 이구아나×4); beach:15 (투구게×15)"
ua60vol_04_01,ภูเขาไฟ,불안정 섬,일반 섬,60,107,0,,ใช่,ใช่,"land:57 (용암 하드로사우루스×8, 유황 스컹코두스×5, 앤드루사르쿠스×10, 검은머리 유타랍토르×10, 흰줄무늬 이구아나×10, 화산재 카스모사우루스×8); beach:50 (투구게×50)"
ua60vol_04_02,ภูเขาไฟ,불안정 섬,일반 섬,60,38,0,,ใช่,ใช่,"land:8 (용암 하드로사우루스×2, 유황 스컹코두스×2, 앤드루사르쿠스×2, 검은머리 유타랍토르×2); beach:30 (투구게×30)"
ua60vol_04_03,ภูเขาไฟ,불안정 섬,일반 섬,60,52,0,,ใช่,ใช่,land:22 (연구용 용암 하드로사우루스×22); beach:30 (투구게×30)
ua60vol_05_01,ภูเขาไฟ,불안정 섬,일반 섬,60,114,0,,ใช่,ใช่,"land:64 (용암 하드로사우루스×10, 유황 스컹코두스×10, 앤드루사르쿠스×10, 검은머리 유타랍토르×10, 흰줄무늬 이구아나×10, 화산재 카스모사우루스×8); beach:50 (투구게×50)"
ua60vol_05_02,ภูเขาไฟ,불안정 섬,일반 섬,60,16,0,,ใช่,ใช่,"land:4 (용암 하드로사우루스×2, 유황 스컹코두스×2); beach:12 (투구게×12)"
ua60vol_05_03,ภูเขาไฟ,불안정 섬,일반 섬,60,57,0,,ใช่,ใช่,"land:27 (유황 스컹코두스×5, 앤드루사르쿠스×8, 검은머리 유타랍토르×10, 흰줄무늬 이구아나×4); beach:30 (투구게×30)"
ua60vol_06_01,ภูเขาไฟ,불안정 섬,일반 섬,60,114,0,,ใช่,ใช่,"land:64 (용암 하드로사우루스×10, 유황 스컹코두스×10, 앤드루사르쿠스×10, 검은머리 유타랍토르×10, 흰줄무늬 이구아나×10, 화산재 카스모사우루스×8); beach:50 (투구게×50)"
ua60vol_06_02,ภูเขาไฟ,불안정 섬,일반 섬,60,57,0,,ใช่,ใช่,"land:27 (유황 스컹코두스×5, 앤드루사르쿠스×8, 검은머리 유타랍토르×10, 흰줄무늬 이구아나×4); beach:30 (투구게×30)"
ua60vol_06_03,ภูเขาไฟ,불안정 섬,일반 섬,60,61,0,,ใช่,ใช่,"land:31 (용암 하드로사우루스×8, 유황 스컹코두스×5, 앤드루사르쿠스×8, 검은머리 유타랍토르×10); beach:30 (투구게×30)"
ua60vol_07_01,ภูเขาไฟ,불안정 섬,일반 섬,60,105,0,,ใช่,ใช่,"land:55 (용암 하드로사우루스×8, 유황 스컹코두스×5, 앤드루사르쿠스×8, 검은머리 유타랍토르×10, 흰줄무늬 이구아나×10, 화산재 카스모사우루스×8); beach:50 (투구게×50)"
ua60vol_07_02,ภูเขาไฟ,불안정 섬,일반 섬,60,44,0,,ใช่,ใช่,"land:14 (용암 하드로사우루스×2, 유황 스컹코두스×2, 청소부 앤드루사르쿠스×8, 검은머리 유타랍토르×2); beach:30 (투구게×30)"
ua60vol_07_03,ภูเขาไฟ,불안정 섬,일반 섬,60,12,0,,ใช่,ใช่,"land:2 (앤드루사르쿠스×1, 검은머리 유타랍토르×1); beach:10 (투구게×10)"
ua60vol_08_01,ภูเขาไฟ,불안정 섬,일반 섬,60,114,0,,ใช่,ใช่,"land:64 (용암 하드로사우루스×10, 유황 스컹코두스×10, 앤드루사르쿠스×10, 검은머리 유타랍토르×10, 흰줄무늬 이구아나×10, 화산재 카스모사우루스×8); beach:50 (투구게×50)"
ua60vol_08_02,ภูเขาไฟ,불안정 섬,일반 섬,60,47,0,,ใช่,ใช่,"land:17 (유황 스컹코두스×3, 앤드루사르쿠스×3, 통신용 아마르가사우루스×8, 흰줄무늬 이구아나×3); beach:30 (투구게×30)"
testpvpisland190919,,,시즌 · PvP,,0,0,,ไม่,ใช่,
ri18tr_01_01,ร้อนชื้น,안정 섬,일반 섬,18,30,0,,ใช่,ใช่,"land:30 (흰털스밀로돈×15, 픽타랍토르×5, 사우롤로푸스×5, 랩터×5)"
ri18tr_02_01,ร้อนชื้น,안정 섬,일반 섬,18,11,0,,ใช่,ใช่,"land:11 (줄무늬 콤프소그나투스×3, 연분홍 프로토케라톱스×2, 픽타랍토르×2, 사우롤로푸스×2, 랩터×2)"
ri18tr_03_01,ร้อนชื้น,안정 섬,일반 섬,18,4,0,,ใช่,ใช่,"land:4 (줄무늬 콤프소그나투스×1, 픽타랍토르×1, 사우롤로푸스×1, 랩터×1)"
ri18tr_04_01,ร้อนชื้น,안정 섬,일반 섬,18,11,0,,ใช่,ใช่,"land:11 (줄무늬 콤프소그나투스×3, 연분홍 프로토케라톱스×2, 픽타랍토르×2, 사우롤로푸스×2, 랩터×2)"
ri18tr_test,ร้อนชื้น,안정 섬,일반 섬,18,0,0,,ไม่,ใช่,
ri18tr_05_01,ร้อนชื้น,안정 섬,일반 섬,18,3,0,,ใช่,ใช่,"land:3 (줄무늬 콤프소그나투스×1, 픽타랍토르×1, 사우롤로푸스×1)"
ri18tr_05_02,ร้อนชื้น,안정 섬,일반 섬,18,4,0,,ใช่,ใช่,"land:4 (줄무늬 콤프소그나투스×1, 픽타랍토르×1, 사우롤로푸스×1, 랩터×1)"
ri18tr_05_03,ร้อนชื้น,안정 섬,일반 섬,18,4,0,,ใช่,ใช่,"land:4 (줄무늬 콤프소그나투스×1, 픽타랍토르×1, 사우롤로푸스×1, 랩터×1)"
ri18tr_06_01,ร้อนชื้น,안정 섬,일반 섬,18,4,0,,ใช่,ใช่,"land:4 (미확인 수컷 흰배메갈로케로스×1, 미확인 땅거북안킬로×1, 미확인 마크라우케니아×1, 미확인 갈리미무스×1)"
ri18tr_06_02,ร้อนชื้น,안정 섬,일반 섬,18,10,0,,ใช่,ใช่,"beach:10 (용암 하드로사우루스×7, 미확인 검은 다이어울프×1, 미확인 파보미무스×1, 미확인 가스토르니스×1)"
ri18tr_07_01,ร้อนชื้น,안정 섬,일반 섬,18,4,0,,ใช่,,"land:4 (줄무늬 콤프소그나투스×1, 픽타랍토르×1, 사우롤로푸스×1, 랩터×1)"
ru10gr170712,ทุ่งหญ้า,유적,유적,10,100,0,,ไม่,ใช่,"land:100 (콤프소그나투스×60, 페나코두스×40)"
ru10gr170615,ทุ่งหญ้า,유적,유적,10,100,0,,ไม่,,"land:100 (콤프소그나투스×60, 페나코두스×40)"
ru10gr170511,ทุ่งหญ้า,유적,유적,10,70,0,,ไม่,,"lake_shallow:10 (카스모사우루스×5, 프로토케라톱스×5); lake_deep:10 (수컷 메갈로케로스×10); land:30 (오비랍토르×10, 알비랍토르×10, 픽타랍토르×10); beach:10 (안킬로사우루스×5, 유오플로케팔루스×5); ocean:10 (파라사우롤로푸스×10)"
s06gr161202,,,유적,,0,0,,ไม่,,
s06gr161111,,,유적,,0,0,,ไม่,,
s06gr161120,,,유적,,0,0,,ไม่,,
sh05tr180130,ร้อนชื้น,안전가옥,안전가옥,5,1,0,,ไม่,ใช่,land:1 (콤프소그나투스×1)
sh05tr171110,ร้อนชื้น,안전가옥,안전가옥,5,1,0,,ไม่,,land:1 (콤프소그나투스×1)
sh05tr171109,ร้อนชื้น,안전가옥,안전가옥,5,1,0,,ไม่,,land:1 (콤프소그나투스×1)
sh05tr171108,ร้อนชื้น,안전가옥,안전가옥,5,10,0,,ไม่,,land:10 (콤프소그나투스×10)
sh05tr170927,ร้อนชื้น,안전가옥,안전가옥,5,13,0,,ไม่,,"land:13 (콤프소그나투스×10, 겁쟁이 랩터×3)"
sh05tr170926,ร้อนชื้น,안전가옥,안전가옥,5,10,0,,ไม่,,land:10 (콤프소그나투스×10)
sh05tr170919,ร้อนชื้น,안전가옥,안전가옥,5,10,0,,ไม่,,land:10 (콤프소그나투스×10)
sh05tr170918,ร้อนชื้น,안전가옥,안전가옥,5,10,0,,ไม่,,land:10 (콤프소그나투스×10)
sh05tr170914,ร้อนชื้น,안전가옥,안전가옥,5,10,0,,ไม่,,land:10 (콤프소그나투스×10)
t01test170615,,시험,ทดลอง,,0,0,,ไม่,,
t01test160627,,시험,ทดลอง,,0,0,,ไม่,,
t01test170425,,시험,ทดลอง,,0,0,,ไม่,,
i01ancora180107,,앙코라,앙코라,,0,0,,ไม่,ใช่,
i01ancora170918,,앙코라,앙코라,,0,0,,ไม่,,
i01ancora170712,,앙코라,앙코라,,0,0,,ไม่,,
i01ancora160714,,앙코라,앙코라,,0,0,,ไม่,,
ur40gr170615,ทุ่งหญ้า,,เกาะเมือง,40,114,0,,ไม่,ใช่,"land:114 (미확인 마크라우케니아×22, 미확인 갈리미무스×22, 아케니쿠스×10, 스티라코사우루스×15, 에드몬토사우루스×15, 이구아노돈×10)"
ur40te170615,อบอุ่น,,เกาะเมือง,40,124,0,,ไม่,ใช่,"land:124 (미확인 가스토르니스×22, 미확인 파보미무스×22, 스밀로돈×15, 유오플로케팔루스×15, 딜로포사우루스×15, 파보미무스×15)"
ur40tr170615,ร้อนชื้น,,เกาะเมือง,40,121,0,,ไม่,ใช่,"land:121 (미확인 안킬로사우루스×44, 미확인 땅거북안킬로×22, 스테고사우루스×15, 투오지앙고사우루스×15, 픽타랍토르×15, 연분홍 프로토케라톱스×10)"
ur40tu170615,ทุนดรา,,เกาะเมือง,40,123,0,,ไม่,ใช่,"land:123 (미확인 흰털다이어울프×40, 미확인 검은 다이어울프×22, 미확인 암컷 흰배메갈로케로스×18, 미확인 암컷 메갈로케로스×18, 도도피시스×15, 다이어울프×10)"
ur40gr170511,ทุ่งหญ้า,,เกาะเมือง,40,80,0,,ไม่,,"lake_shallow:10 (카스모사우루스×5, 프로토케라톱스×5); lake_deep:10 (수컷 메갈로케로스×10); land:40 (오비랍토르×10, 알비랍토르×10, 픽타랍토르×20); beach:10 (안킬로사우루스×5, 유오플로케팔루스×5); ocean:10 (파라사우롤로푸스×10)"
ur40te170511,อบอุ่น,,เกาะเมือง,40,80,0,,ไม่,,"lake_shallow:10 (카스모사우루스×5, 프로토케라톱스×5); lake_deep:10 (수컷 메갈로케로스×10); land:40 (오비랍토르×10, 알비랍토르×10, 픽타랍토르×20); beach:10 (안킬로사우루스×5, 유오플로케팔루스×5); ocean:10 (파라사우롤로푸스×10)"
ur40tr170511,ร้อนชื้น,,เกาะเมือง,40,80,0,,ไม่,,"lake_shallow:10 (카스모사우루스×5, 프로토케라톱스×5); lake_deep:10 (수컷 메갈로케로스×10); land:40 (오비랍토르×10, 알비랍토르×10, 픽타랍토르×20); beach:10 (안킬로사우루스×5, 유오플로케팔루스×5); ocean:10 (파라사우롤로푸스×10)"
ur40tu170511,ทุนดรา,,เกาะเมือง,40,80,0,,ไม่,,"lake_shallow:10 (카스모사우루스×5, 프로토케라톱스×5); lake_deep:10 (수컷 메갈로케로스×10); land:40 (오비랍토르×10, 알비랍토르×10, 픽타랍토르×20); beach:10 (안킬로사우루스×5, 유오플로케팔루스×5); ocean:10 (파라사우롤로푸스×10)"
ua60teMain01,อบอุ่น,불안정 섬,일반 섬,60,62,16,,ใช่,ใช่,"land:50 (픽타랍토르×10, 유타랍토르×8, 스밀로돈×8, 유오플로케팔루스×6, 마크라우케니아×6, 갈리미무스×6); beach:12 (광대 콤프소그나투스×12)"
ua45sa_solo_elite,สะวันนา,불안정 섬,정예 섬,45,2,0,ใช่,ใช่,ใช่,"land:2 (우두머리 스티라코사우루스×1, 도마뱀×1)"
ua60te_solo_elite,อบอุ่น,불안정 섬,정예 섬,60,2,0,ใช่,ใช่,ใช่,"land:2 (우두머리 브라키오사우루스×1, 픽타랍토르×1)"
ua60tr_solo_elite,ร้อนชื้น,불안정 섬,정예 섬,60,2,0,ใช่,ใช่,ใช่,"land:2 (우두머리 타르보사우루스×1, 연분홍 프로토케라톱스×1)"
ua60de_solo_elite,ทะเลทราย,불안정 섬,정예 섬,60,2,0,ใช่,ใช่,ใช่,"land:2 (우두머리 알로사우루스×1, 오비랍토르×1)"
ua60tu_solo_elite,ทุนดรา,불안정 섬,정예 섬,60,2,0,ใช่,ใช่,ใช่,"land:2 (우두머리 다이어울프×1, 도도피시스×1)"
ua60sn_solo_elite,ทุ่งหิมะ,불안정 섬,정예 섬,60,2,0,ใช่,ใช่,ใช่,"land:2 (우두머리 설원 타르보사우루스×1, 도도피시스×1)"
ua60sw_solo_elite,늪,불안정 섬,정예 섬,60,2,0,ใช่,ใช่,ใช่,"land:2 (기름독 아파토사우루스×1, 거대 쥐×1)"
ua60vo_solo_elite,ภูเขาไฟ,불안정 섬,정예 섬,60,2,0,ใช่,ใช่,ใช่,"land:2 (우두머리 티라노사우루스×1, 용암 하드로사우루스×1)"
ri15sa_lucid_test,สะวันนา,불안정 섬,일반 섬,15,1,0,,ใช่,ใช่,land:1 (테리지노사우루스×1)
